job_id,image_name,width,height,object_count,gpu_time_ms,total_time_ms,status
1,000000000139,256,256,15,0.966,2471.755,success
2,000000000285,256,256,5,0.350,2.149,success
3,000000000632,256,256,6,0.412,1.653,success
4,000000000724,256,256,13,0.400,1.742,success
5,000000000776,256,256,1,0.377,1.553,success
6,000000000785,256,256,4,0.364,2.248,success
7,000000000802,256,256,4,0.434,2.005,success
8,000000000872,256,256,5,0.345,2.033,success
9,000000000885,256,256,4,0.355,1.772,success
10,000000001000,256,256,25,0.395,2.002,success
11,000000001268,256,256,7,0.816,2.259,success
12,000000001296,256,256,9,0.540,2.312,success
13,000000001353,256,256,3,0.376,1.306,success
14,000000001425,256,256,3,0.314,1.931,success
15,000000001490,256,256,27,0.374,1.858,success
16,000000001503,256,256,5,0.400,1.869,success
17,000000001532,256,256,10,0.471,2.194,success
18,000000001584,256,256,8,0.406,1.952,success
19,000000001675,256,256,3,0.611,2.054,success
20,000000001761,256,256,8,0.521,2.709,success
21,000000001818,256,256,24,0.428,2.109,success
22,000000001993,256,256,4,0.402,2.054,success
23,000000002006,256,256,19,0.386,1.828,success
24,000000002149,256,256,10,0.347,1.734,success
25,000000002153,256,256,7,0.471,1.691,success
26,000000002157,256,256,10,0.555,1.935,success
27,000000002261,256,256,5,0.527,2.349,success
28,000000002299,256,256,27,0.398,1.930,success
29,000000002431,256,256,10,0.405,2.054,success
30,000000002473,256,256,4,0.322,1.417,success
31,000000002532,256,256,6,0.358,1.777,success
32,000000002587,256,256,8,0.423,1.724,success
33,000000002592,256,256,4,0.368,1.921,success
34,000000002685,256,256,10,0.521,1.991,success
35,000000002923,256,256,2,0.839,2.485,success
36,000000003156,256,256,13,0.536,2.463,success
37,000000003255,256,256,10,0.378,2.349,success
38,000000003501,256,256,5,0.398,2.200,success
39,000000003553,256,256,8,0.375,1.723,success
40,000000003661,256,256,8,0.399,1.686,success
41,000000003845,256,256,13,0.366,1.701,success
42,000000003934,256,256,7,0.348,1.514,success
43,000000004134,256,256,6,0.388,1.666,success
44,000000004395,256,256,4,0.377,1.875,success
45,000000004495,256,256,4,0.310,1.618,success
46,000000004765,256,256,2,0.395,1.894,success
47,000000004795,256,256,7,0.345,1.917,success
48,000000005001,256,256,20,0.392,1.660,success
49,000000005037,256,256,16,0.353,1.863,success
50,000000005060,256,256,7,0.386,1.707,success
51,000000005193,256,256,10,0.511,1.720,success
52,000000005477,256,256,7,0.359,2.262,success
53,000000005503,256,256,3,0.403,1.566,success
54,000000005529,256,256,9,0.368,2.391,success
55,000000005586,256,256,3,0.364,1.818,success
56,000000005600,256,256,5,0.397,1.655,success
57,000000005992,256,256,7,0.622,2.050,success
58,000000006012,256,256,16,0.559,2.370,success
59,000000006040,256,256,5,0.461,1.932,success
60,000000006213,256,256,3,0.417,2.201,success
61,000000006460,256,256,3,0.710,2.460,success
62,000000006471,256,256,5,0.374,1.769,success
63,000000006614,256,256,1,0.355,2.563,success
64,000000006723,256,256,16,0.519,2.144,success
65,000000006763,256,256,4,0.633,1.965,success
66,000000006771,256,256,12,0.332,2.012,success
67,000000006818,256,256,2,0.319,1.894,success
68,000000006894,256,256,7,0.439,2.096,success
69,000000006954,256,256,17,0.382,2.036,success
70,000000007088,256,256,7,0.362,1.790,success
71,000000007108,256,256,15,0.392,1.573,success
72,000000007278,256,256,4,0.456,1.971,success
73,000000007281,256,256,18,0.383,2.143,success
74,000000007386,256,256,18,0.340,1.826,success
75,000000007511,256,256,7,0.433,2.313,success
76,000000007574,256,256,14,0.558,2.080,success
77,000000007784,256,256,4,0.394,1.662,success
78,000000007795,256,256,2,0.630,2.318,success
79,000000007816,256,256,28,0.597,2.202,success
80,000000007818,256,256,6,0.392,1.783,success
81,000000007888,256,256,1,0.402,2.429,success
82,000000007977,256,256,3,0.472,3.660,success
83,000000007991,256,256,22,0.398,1.885,success
84,000000008021,256,256,9,0.414,1.611,success
85,000000008211,256,256,10,0.387,1.877,success
86,000000008277,256,256,13,0.349,1.953,success
87,000000008532,256,256,4,0.441,1.998,success
88,000000008629,256,256,4,0.319,2.176,success
89,000000008690,256,256,9,0.310,1.982,success
90,000000008762,256,256,2,0.262,1.321,success
91,000000008844,256,256,13,0.378,2.064,success
92,000000008899,256,256,12,0.350,1.615,success
93,000000009378,256,256,8,0.664,2.095,success
94,000000009400,256,256,2,0.375,1.571,success
95,000000009448,256,256,7,0.359,1.885,success
96,000000009483,256,256,6,0.333,1.721,success
97,000000009590,256,256,8,0.372,1.605,success
98,000000009769,256,256,22,0.382,1.747,success
99,000000009772,256,256,13,0.344,1.691,success
100,000000009891,256,256,8,0.370,1.737,success
101,000000009914,256,256,19,0.410,1.773,success
102,000000010092,256,256,10,0.340,1.675,success
103,000000010363,256,256,7,0.426,1.528,success
104,000000010583,256,256,7,0.443,2.149,success
105,000000010707,256,256,12,0.362,1.826,success
106,000000010764,256,256,6,0.347,1.447,success
107,000000010977,256,256,3,0.407,2.325,success
108,000000010995,256,256,4,0.417,1.710,success
109,000000011051,256,256,12,0.383,1.912,success
110,000000011122,256,256,7,0.509,1.778,success
111,000000011149,256,256,14,0.419,1.982,success
112,000000011197,256,256,10,0.505,1.890,success
113,000000011511,256,256,10,0.330,1.648,success
114,000000011615,256,256,11,0.581,2.409,success
115,000000011699,256,256,16,0.594,2.076,success
116,000000011760,256,256,8,0.678,1.939,success
117,000000011813,256,256,11,0.516,2.267,success
118,000000012062,256,256,6,0.430,2.361,success
119,000000012120,256,256,10,0.366,1.662,success
120,000000012280,256,256,14,0.399,2.002,success
121,000000012576,256,256,8,0.506,2.410,success
122,000000012639,256,256,5,0.372,2.097,success
123,000000012667,256,256,6,0.536,2.200,success
124,000000012670,256,256,22,0.520,1.777,success
125,000000012748,256,256,10,0.505,1.918,success
126,000000013004,256,256,6,0.481,2.422,success
127,000000013177,256,256,12,0.520,1.936,success
128,000000013201,256,256,19,0.346,1.682,success
129,000000013291,256,256,16,0.406,1.763,success
130,000000013348,256,256,11,0.426,2.159,success
131,000000013546,256,256,8,0.345,1.689,success
132,000000013597,256,256,13,0.380,2.051,success
133,000000013659,256,256,18,0.582,1.954,success
134,000000013729,256,256,11,0.457,2.259,success
135,000000013774,256,256,3,0.359,1.984,success
136,000000013923,256,256,5,0.452,2.389,success
137,000000014007,256,256,2,0.379,1.878,success
138,000000014038,256,256,11,0.566,2.716,success
139,000000014226,256,256,7,0.384,1.984,success
140,000000014380,256,256,8,0.373,1.946,success
141,000000014439,256,256,13,0.507,8.641,success
142,000000014473,256,256,6,0.406,1.614,success
143,000000014831,256,256,6,0.358,1.649,success
144,000000014888,256,256,10,0.540,1.775,success
145,000000015079,256,256,18,0.369,1.550,success
146,000000015254,256,256,23,0.356,1.618,success
147,000000015272,256,256,30,0.364,2.134,success
148,000000015278,256,256,21,0.387,1.639,success
149,000000015335,256,256,9,0.356,1.301,success
150,000000015338,256,256,13,0.355,1.659,success
151,000000015440,256,256,12,0.354,1.802,success
152,000000015497,256,256,2,0.397,1.480,success
153,000000015517,256,256,12,0.342,1.736,success
154,000000015597,256,256,3,0.548,2.088,success
155,000000015660,256,256,18,0.585,2.272,success
156,000000015746,256,256,14,0.539,2.076,success
157,000000015751,256,256,11,0.333,1.823,success
158,000000015956,256,256,6,0.361,1.608,success
159,000000016010,256,256,14,0.430,1.958,success
160,000000016228,256,256,12,0.600,2.314,success
161,000000016249,256,256,14,0.490,1.779,success
162,000000016439,256,256,4,0.407,1.777,success
163,000000016451,256,256,5,0.318,2.140,success
164,000000016502,256,256,2,0.319,2.090,success
165,000000016598,256,256,9,0.629,2.395,success
166,000000016958,256,256,6,0.743,2.101,success
167,000000017029,256,256,12,0.351,2.008,success
168,000000017031,256,256,14,0.323,2.087,success
169,000000017115,256,256,33,0.421,1.814,success
170,000000017178,256,256,13,0.350,1.534,success
171,000000017182,256,256,6,0.347,1.330,success
172,000000017207,256,256,5,0.340,1.691,success
173,000000017379,256,256,8,0.674,2.757,success
174,000000017436,256,256,8,0.578,2.332,success
175,000000017627,256,256,9,0.473,2.425,success
176,000000017714,256,256,10,0.970,3.016,success
177,000000017899,256,256,9,0.577,2.671,success
178,000000017905,256,256,9,0.757,2.559,success
179,000000017959,256,256,9,0.914,3.440,success
180,000000018150,256,256,4,0.730,3.199,success
181,000000018193,256,256,3,0.604,2.209,success
182,000000018380,256,256,32,0.511,2.194,success
183,000000018491,256,256,11,0.333,1.909,success
184,000000018519,256,256,7,0.756,2.689,success
185,000000018575,256,256,16,0.382,2.213,success
186,000000018737,256,256,4,0.591,2.823,success
187,000000018770,256,256,1,0.712,2.008,success
188,000000018833,256,256,5,0.416,2.230,success
189,000000018837,256,256,23,0.950,2.578,success
190,000000019042,256,256,5,0.410,2.216,success
191,000000019109,256,256,27,0.548,1.921,success
192,000000019221,256,256,7,0.392,1.767,success
193,000000019402,256,256,6,0.988,2.804,success
194,000000019432,256,256,12,0.551,2.127,success
195,000000019742,256,256,3,0.356,2.110,success
196,000000019786,256,256,5,0.458,1.732,success
197,000000019924,256,256,5,0.325,2.084,success
198,000000020059,256,256,14,0.461,1.980,success
199,000000020107,256,256,6,0.481,1.698,success
200,000000020247,256,256,4,0.401,2.493,success
201,000000020333,256,256,10,0.529,2.024,success
202,000000020553,256,256,5,0.364,2.077,success
203,000000020571,256,256,15,0.975,3.858,success
204,000000020992,256,256,8,0.527,1.995,success
205,000000021167,256,256,7,0.326,1.366,success
206,000000021465,256,256,7,0.351,1.741,success
207,000000021503,256,256,5,0.334,1.727,success
208,000000021604,256,256,7,0.370,1.446,success
209,000000021839,256,256,9,0.342,1.599,success
210,000000021879,256,256,11,0.420,2.434,success
211,000000021903,256,256,14,0.405,1.711,success
212,000000022192,256,256,4,0.376,2.238,success
213,000000022371,256,256,2,0.395,2.266,success
214,000000022396,256,256,6,0.371,2.359,success
215,000000022479,256,256,14,0.344,1.693,success
216,000000022589,256,256,8,0.377,1.523,success
217,000000022623,256,256,3,0.535,2.010,success
218,000000022705,256,256,7,0.378,1.456,success
219,000000022755,256,256,1,0.375,1.345,success
220,000000022892,256,256,9,0.375,2.066,success
221,000000022935,256,256,11,0.391,1.952,success
222,000000022969,256,256,8,0.346,1.791,success
223,000000023023,256,256,4,0.471,2.003,success
224,000000023034,256,256,19,0.395,1.641,success
225,000000023126,256,256,10,0.352,1.737,success
226,000000023230,256,256,8,0.559,2.209,success
227,000000023272,256,256,13,0.366,1.742,success
228,000000023359,256,256,3,0.377,1.574,success
229,000000023666,256,256,4,0.370,1.720,success
230,000000023751,256,256,6,0.377,2.243,success
231,000000023781,256,256,29,0.454,1.934,success
232,000000023899,256,256,4,0.407,1.513,success
233,000000023937,256,256,12,0.417,2.065,success
234,000000024021,256,256,19,0.840,2.146,success
235,000000024027,256,256,2,0.544,2.546,success
236,000000024144,256,256,2,0.340,1.797,success
237,000000024243,256,256,5,0.295,1.644,success
238,000000024567,256,256,9,0.308,1.815,success
239,000000024610,256,256,9,0.365,1.706,success
240,000000024919,256,256,11,0.274,1.739,success
241,000000025057,256,256,7,0.347,2.082,success
242,000000025096,256,256,14,0.346,1.735,success
243,000000025139,256,256,34,0.372,1.849,success
244,000000025181,256,256,8,0.399,1.770,success
245,000000025228,256,256,1,0.371,1.624,success
246,000000025386,256,256,18,0.412,1.737,success
247,000000025393,256,256,6,0.318,1.333,success
248,000000025394,256,256,7,0.376,1.575,success
249,000000025424,256,256,6,0.345,1.439,success
250,000000025560,256,256,7,0.324,1.424,success
251,000000025593,256,256,5,0.349,1.698,success
252,000000025603,256,256,7,0.324,1.609,success
253,000000025986,256,256,10,0.390,2.037,success
254,000000026204,256,256,13,0.323,1.857,success
255,000000026465,256,256,5,0.348,1.738,success
256,000000026564,256,256,16,0.326,1.639,success
257,000000026690,256,256,11,0.278,1.223,success
258,000000026926,256,256,4,0.392,1.617,success
259,000000026941,256,256,17,0.265,1.781,success
260,000000027186,256,256,6,0.305,1.692,success
261,000000027620,256,256,9,0.333,1.803,success
262,000000027696,256,256,19,0.338,1.549,success
263,000000027768,256,256,8,0.318,1.959,success
264,000000027932,256,256,17,0.381,1.828,success
265,000000027972,256,256,8,0.278,1.891,success
266,000000027982,256,256,13,0.286,1.608,success
267,000000028285,256,256,4,0.351,1.410,success
268,000000028449,256,256,7,0.287,1.636,success
269,000000028452,256,256,7,0.343,1.555,success
270,000000028809,256,256,12,0.341,1.674,success
271,000000028993,256,256,9,0.379,1.817,success
272,000000029187,256,256,10,0.275,1.336,success
273,000000029393,256,256,13,0.278,1.508,success
274,000000029397,256,256,11,0.343,1.747,success
275,000000029596,256,256,8,0.283,1.781,success
276,000000029640,256,256,30,0.498,1.995,success
277,000000029675,256,256,4,0.395,1.854,success
278,000000029984,256,256,28,0.328,1.730,success
279,000000030213,256,256,16,0.376,1.861,success
280,000000030494,256,256,11,0.306,1.492,success
281,000000030504,256,256,16,0.372,2.001,success
282,000000030675,256,256,5,0.347,1.800,success
283,000000030785,256,256,5,0.323,1.596,success
284,000000030828,256,256,9,0.417,1.677,success
285,000000031050,256,256,8,0.310,1.471,success
286,000000031093,256,256,4,0.326,1.224,success
287,000000031118,256,256,12,0.334,1.263,success
288,000000031217,256,256,3,0.446,1.834,success
289,000000031248,256,256,9,0.353,1.846,success
290,000000031269,256,256,10,0.319,1.722,success
291,000000031296,256,256,15,0.352,1.581,success
292,000000031322,256,256,17,0.370,1.511,success
293,000000031620,256,256,12,0.423,1.857,success
294,000000031735,256,256,14,0.338,1.638,success
295,000000031749,256,256,5,0.313,2.090,success
296,000000031817,256,256,11,0.350,1.774,success
297,000000032038,256,256,3,0.309,1.506,success
298,000000032081,256,256,14,0.416,1.909,success
299,000000032285,256,256,1,0.304,1.804,success
300,000000032334,256,256,8,0.279,1.594,success
301,000000032570,256,256,4,0.315,1.720,success
302,000000032610,256,256,13,0.516,1.865,success
303,000000032735,256,256,3,0.347,2.011,success
304,000000032811,256,256,1,0.449,1.902,success
305,000000032817,256,256,11,0.438,2.057,success
306,000000032861,256,256,4,0.379,1.558,success
307,000000032887,256,256,12,0.319,1.456,success
308,000000032901,256,256,10,0.309,1.846,success
309,000000032941,256,256,10,0.275,1.663,success
310,000000033005,256,256,2,0.319,1.476,success
311,000000033104,256,256,20,0.296,1.879,success
312,000000033109,256,256,5,0.420,1.821,success
313,000000033114,256,256,8,0.344,1.823,success
314,000000033221,256,256,18,0.375,2.002,success
315,000000033368,256,256,2,0.309,2.072,success
316,000000033638,256,256,13,0.361,1.706,success
317,000000033707,256,256,17,0.321,1.915,success
318,000000033759,256,256,11,0.302,1.541,success
319,000000033854,256,256,3,0.326,1.901,success
320,000000034071,256,256,6,0.285,1.462,success
321,000000034139,256,256,24,0.562,1.892,success
322,000000034205,256,256,10,0.289,1.631,success
323,000000034257,256,256,19,0.496,1.720,success
324,000000034417,256,256,21,0.513,1.971,success
325,000000034452,256,256,26,0.336,1.571,success
326,000000034760,256,256,2,0.314,1.339,success
327,000000034873,256,256,10,0.547,2.171,success
328,000000035062,256,256,4,0.281,1.196,success
329,000000035197,256,256,4,0.304,2.033,success
330,000000035279,256,256,18,0.522,1.966,success
331,000000035326,256,256,7,0.290,1.417,success
332,000000035682,256,256,10,0.517,1.984,success
333,000000035770,256,256,13,0.406,1.901,success
334,000000035963,256,256,5,0.512,1.768,success
335,000000036494,256,256,23,0.291,1.470,success
336,000000036539,256,256,10,0.312,2.079,success
337,000000036660,256,256,2,0.532,1.507,success
338,000000036678,256,256,1,0.307,1.702,success
339,000000036844,256,256,12,0.494,1.649,success
340,000000036861,256,256,4,0.291,1.562,success
341,000000036936,256,256,9,0.521,1.750,success
342,000000037670,256,256,2,0.511,2.091,success
343,000000037689,256,256,1,0.533,2.151,success
344,000000037740,256,256,6,0.275,1.659,success
345,000000037751,256,256,1,0.562,1.921,success
346,000000037777,256,256,6,0.474,2.284,success
347,000000037988,256,256,4,0.512,1.545,success
348,000000038048,256,256,5,0.341,1.814,success
349,000000038070,256,256,3,0.545,1.811,success
350,000000038118,256,256,1,0.565,2.405,success
351,000000038210,256,256,4,0.328,1.823,success
352,000000038576,256,256,5,0.281,1.842,success
353,000000038678,256,256,11,0.516,2.475,success
354,000000038825,256,256,32,0.303,1.906,success
355,000000038829,256,256,9,0.498,1.641,success
356,000000039405,256,256,0,0.401,1.409,success
357,000000039477,256,256,7,0.505,1.960,success
358,000000039480,256,256,4,0.284,1.215,success
359,000000039484,256,256,11,0.518,1.934,success
360,000000039551,256,256,5,0.506,2.371,success
361,000000039670,256,256,6,0.325,1.616,success
362,000000039769,256,256,15,0.513,2.123,success
363,000000039785,256,256,2,0.324,1.458,success
364,000000039914,256,256,1,0.517,1.529,success
365,000000039951,256,256,6,0.361,1.531,success
366,000000039956,256,256,6,0.534,1.944,success
367,000000040036,256,256,17,0.374,1.596,success
368,000000040083,256,256,15,0.411,2.049,success
369,000000040471,256,256,4,0.473,2.043,success
370,000000040757,256,256,3,0.387,1.388,success
371,000000041488,256,256,25,0.544,1.990,success
372,000000041633,256,256,9,0.364,2.021,success
373,000000041635,256,256,4,0.339,1.599,success
374,000000041872,256,256,5,0.527,1.640,success
375,000000041888,256,256,11,0.333,1.947,success
376,000000041990,256,256,2,0.327,1.785,success
377,000000042070,256,256,14,0.338,1.567,success
378,000000042102,256,256,8,0.287,1.462,success
379,000000042178,256,256,8,0.310,1.558,success
380,000000042276,256,256,9,0.291,1.781,success
381,000000042296,256,256,8,0.341,1.770,success
382,000000042528,256,256,8,0.431,1.946,success
383,000000042563,256,256,2,0.373,2.021,success
384,000000042628,256,256,2,0.357,2.208,success
385,000000042888,256,256,16,0.340,1.553,success
386,000000042889,256,256,7,0.331,1.496,success
387,000000043314,256,256,4,0.318,1.623,success
388,000000043435,256,256,1,0.335,1.682,success
389,000000043581,256,256,13,0.385,1.516,success
390,000000043737,256,256,2,0.356,1.694,success
391,000000043816,256,256,14,0.412,1.694,success
392,000000044068,256,256,1,0.790,1.952,success
393,000000044195,256,256,10,0.338,1.653,success
394,000000044260,256,256,33,0.529,1.971,success
395,000000044279,256,256,18,0.349,1.718,success
396,000000044590,256,256,6,0.554,2.163,success
397,000000044652,256,256,8,0.348,1.399,success
398,000000044699,256,256,12,0.531,1.884,success
399,000000044877,256,256,10,0.341,1.745,success
400,000000045070,256,256,7,0.324,1.540,success
401,000000045090,256,256,4,0.316,1.302,success
402,000000045229,256,256,6,0.311,1.485,success
403,000000045472,256,256,12,0.304,1.377,success
404,000000045550,256,256,5,0.346,1.457,success
405,000000045596,256,256,20,0.508,1.786,success
406,000000045728,256,256,20,0.550,1.822,success
407,000000046031,256,256,5,0.487,2.177,success
408,000000046048,256,256,7,0.493,1.541,success
409,000000046252,256,256,21,0.506,2.093,success
410,000000046378,256,256,15,0.330,1.581,success
411,000000046463,256,256,7,0.345,1.818,success
412,000000046497,256,256,12,0.297,1.534,success
413,000000046804,256,256,6,0.561,2.146,success
414,000000046872,256,256,18,0.398,1.763,success
415,000000047010,256,256,7,0.350,2.110,success
416,000000047112,256,256,21,0.770,2.266,success
417,000000047121,256,256,2,0.433,2.290,success
418,000000047571,256,256,17,0.346,2.089,success
419,000000047585,256,256,7,0.372,1.483,success
420,000000047740,256,256,8,0.350,1.383,success
421,000000047769,256,256,8,0.429,1.850,success
422,000000047801,256,256,15,0.347,1.389,success
423,000000047819,256,256,18,0.350,1.882,success
424,000000047828,256,256,4,0.319,1.228,success
425,000000048153,256,256,2,0.420,1.550,success
426,000000048396,256,256,12,0.336,1.332,success
427,000000048504,256,256,7,0.343,1.354,success
428,000000048555,256,256,4,0.367,2.199,success
429,000000048564,256,256,14,0.318,1.380,success
430,000000048924,256,256,5,0.335,1.323,success
431,000000049060,256,256,8,0.546,2.063,success
432,000000049091,256,256,21,0.346,1.676,success
433,000000049259,256,256,10,0.340,1.491,success
434,000000049269,256,256,4,0.328,1.272,success
435,000000049759,256,256,8,0.524,1.648,success
436,000000049761,256,256,2,0.490,2.347,success
437,000000049810,256,256,9,0.532,1.975,success
438,000000050006,256,256,5,0.406,1.919,success
439,000000050145,256,256,16,0.531,2.248,success
440,000000050149,256,256,17,0.518,2.035,success
441,000000050165,256,256,3,0.497,1.881,success
442,000000050326,256,256,8,0.352,2.380,success
443,000000050331,256,256,21,0.529,2.239,success
444,000000050380,256,256,10,0.309,1.678,success
445,000000050638,256,256,8,0.351,1.642,success
446,000000050679,256,256,6,0.598,2.557,success
447,000000050811,256,256,11,0.562,2.557,success
448,000000050828,256,256,3,0.289,1.796,success
449,000000050844,256,256,11,0.654,2.252,success
450,000000050896,256,256,12,0.418,1.534,success
451,000000050943,256,256,6,0.359,1.803,success
452,000000051008,256,256,2,0.366,1.975,success
453,000000051309,256,256,17,0.331,1.523,success
454,000000051314,256,256,5,0.368,1.686,success
455,000000051326,256,256,11,0.323,1.621,success
456,000000051598,256,256,2,0.413,1.920,success
457,000000051610,256,256,1,0.357,2.257,success
458,000000051712,256,256,18,0.341,2.162,success
459,000000051738,256,256,5,0.894,2.674,success
460,000000051938,256,256,6,0.481,1.829,success
461,000000051961,256,256,27,0.330,1.736,success
462,000000051976,256,256,2,0.335,1.326,success
463,000000052007,256,256,10,0.507,2.234,success
464,000000052017,256,256,2,0.347,2.571,success
465,000000052412,256,256,14,0.557,2.157,success
466,000000052413,256,256,8,0.330,1.592,success
467,000000052462,256,256,4,0.574,2.467,success
468,000000052507,256,256,14,0.410,1.813,success
469,000000052565,256,256,17,0.470,1.809,success
470,000000052591,256,256,7,0.789,2.689,success
471,000000052891,256,256,8,0.377,1.892,success
472,000000052996,256,256,12,0.892,2.254,success
473,000000053505,256,256,8,0.548,1.850,success
474,000000053529,256,256,7,0.333,1.623,success
475,000000053624,256,256,15,0.404,2.038,success
476,000000053626,256,256,17,0.346,1.941,success
477,000000053909,256,256,9,0.391,1.836,success
478,000000053994,256,256,9,0.399,1.876,success
479,000000054123,256,256,17,0.359,1.693,success
480,000000054164,256,256,4,0.375,1.555,success
481,000000054592,256,256,2,0.539,1.794,success
482,000000054593,256,256,6,0.355,1.840,success
483,000000054605,256,256,7,0.354,1.845,success
484,000000054628,256,256,11,0.774,2.219,success
485,000000054654,256,256,8,0.404,1.936,success
486,000000054931,256,256,7,0.387,1.641,success
487,000000054967,256,256,7,0.344,1.562,success
488,000000055002,256,256,6,0.488,2.152,success
489,000000055022,256,256,13,0.595,2.363,success
490,000000055072,256,256,3,0.578,2.203,success
491,000000055150,256,256,13,0.389,1.854,success
492,000000055167,256,256,16,0.532,2.009,success
493,000000055299,256,256,2,0.526,1.990,success
494,000000055528,256,256,11,0.770,2.496,success
495,000000055950,256,256,12,0.564,1.841,success
496,000000056127,256,256,26,0.342,2.264,success
497,000000056288,256,256,2,0.301,2.095,success
498,000000056344,256,256,9,0.392,1.810,success
499,000000056350,256,256,4,0.729,3.213,success
500,000000056545,256,256,14,1.070,3.258,success
501,000000057027,256,256,11,0.718,2.636,success
502,000000057149,256,256,5,0.906,4.880,success
503,000000057150,256,256,11,0.895,3.280,success
504,000000057232,256,256,29,0.944,3.378,success
505,000000057238,256,256,3,1.098,3.129,success
506,000000057244,256,256,21,0.441,2.040,success
507,000000057597,256,256,9,0.610,2.183,success
508,000000057672,256,256,7,0.630,2.479,success
509,000000057725,256,256,3,0.692,2.216,success
510,000000057760,256,256,5,0.360,2.675,success
511,000000058029,256,256,5,0.439,2.251,success
512,000000058111,256,256,4,0.381,2.344,success
513,000000058350,256,256,5,0.471,2.200,success
514,000000058384,256,256,4,0.385,2.035,success
515,000000058393,256,256,5,0.478,2.451,success
516,000000058539,256,256,19,0.372,5.311,success
517,000000058636,256,256,7,0.616,2.992,success
518,000000058655,256,256,7,0.581,2.346,success
519,000000058705,256,256,8,0.399,1.904,success
520,000000059044,256,256,10,0.391,1.844,success
521,000000059386,256,256,16,0.421,1.932,success
522,000000059598,256,256,3,0.604,2.656,success
523,000000059635,256,256,11,0.357,2.033,success
524,000000059920,256,256,2,0.397,1.808,success
525,000000060052,256,256,7,0.403,2.661,success
526,000000060090,256,256,18,0.403,2.251,success
527,000000060102,256,256,14,0.820,2.467,success
528,000000060347,256,256,14,0.444,1.707,success
529,000000060363,256,256,4,0.655,2.586,success
530,000000060449,256,256,11,0.376,2.389,success
531,000000060507,256,256,22,0.404,2.034,success
532,000000060770,256,256,31,0.354,2.164,success
533,000000060823,256,256,28,0.678,2.523,success
534,000000060835,256,256,28,0.342,2.345,success
535,000000060855,256,256,3,0.411,2.028,success
536,000000060886,256,256,6,0.491,1.960,success
537,000000060899,256,256,6,0.392,1.712,success
538,000000060932,256,256,8,0.457,2.139,success
539,000000061108,256,256,7,0.894,3.709,success
540,000000061171,256,256,11,1.012,3.415,success
541,000000061268,256,256,6,0.961,3.818,success
542,000000061333,256,256,7,0.610,2.983,success
543,000000061418,256,256,23,0.861,3.754,success
544,000000061471,256,256,10,1.269,4.619,success
545,000000061584,256,256,9,0.692,2.796,success
546,000000061658,256,256,13,1.307,4.430,success
547,000000061747,256,256,4,1.033,4.158,success
548,000000061960,256,256,6,0.750,4.642,success
549,000000062025,256,256,7,0.663,3.744,success
550,000000062353,256,256,13,0.931,3.320,success
551,000000062355,256,256,16,0.759,3.413,success
552,000000062554,256,256,4,0.804,3.541,success
553,000000062692,256,256,8,0.751,2.921,success
554,000000062808,256,256,21,0.798,3.977,success
555,000000063047,256,256,17,0.673,3.103,success
556,000000063154,256,256,11,0.699,2.912,success
557,000000063552,256,256,6,0.596,2.831,success
558,000000063602,256,256,9,0.771,2.909,success
559,000000063740,256,256,8,0.742,13.286,success
560,000000063965,256,256,2,0.657,2.743,success
561,000000064084,256,256,18,0.679,2.832,success
562,000000064359,256,256,7,0.475,2.074,success
563,000000064462,256,256,2,0.604,2.809,success
564,000000064495,256,256,10,0.389,2.618,success
565,000000064499,256,256,6,0.537,2.413,success
566,000000064523,256,256,7,0.359,2.369,success
567,000000064574,256,256,4,0.433,2.150,success
568,000000064718,256,256,11,0.418,2.098,success
569,000000064868,256,256,8,0.657,2.580,success
570,000000064898,256,256,14,0.424,2.273,success
571,000000065074,256,256,10,0.357,2.363,success
572,000000065288,256,256,24,0.477,2.267,success
573,000000065350,256,256,8,0.589,2.345,success
574,000000065455,256,256,20,0.443,2.264,success
575,000000065485,256,256,8,0.559,2.572,success
576,000000065736,256,256,7,0.333,1.591,success
577,000000065798,256,256,3,0.485,1.974,success
578,000000066038,256,256,14,0.616,2.591,success
579,000000066135,256,256,11,0.390,1.846,success
580,000000066231,256,256,12,0.358,1.910,success
581,000000066523,256,256,6,0.466,2.230,success
582,000000066561,256,256,5,0.475,6.665,success
583,000000066635,256,256,6,0.307,1.851,success
584,000000066706,256,256,24,0.370,1.950,success
585,000000066771,256,256,12,0.461,2.176,success
586,000000066817,256,256,4,0.465,2.276,success
587,000000066841,256,256,8,0.698,2.336,success
588,000000066886,256,256,10,0.543,2.631,success
589,000000066926,256,256,23,0.606,2.494,success
590,000000067180,256,256,10,0.363,2.097,success
591,000000067213,256,256,8,0.330,1.618,success
592,000000067310,256,256,6,0.326,2.155,success
593,000000067315,256,256,4,0.315,1.736,success
594,000000067406,256,256,1,0.495,2.813,success
595,000000067534,256,256,5,0.373,2.269,success
596,000000067616,256,256,22,0.633,2.212,success
597,000000067896,256,256,39,0.502,2.158,success
598,000000068078,256,256,5,0.384,2.509,success
599,000000068093,256,256,19,0.398,1.890,success
600,000000068286,256,256,3,0.455,2.844,success
601,000000068387,256,256,10,0.512,1.922,success
602,000000068409,256,256,15,0.429,2.096,success
603,000000068628,256,256,8,0.568,2.042,success
604,000000068765,256,256,7,0.460,2.365,success
605,000000068833,256,256,8,0.794,2.465,success
606,000000068933,256,256,28,0.534,2.339,success
607,000000069106,256,256,7,0.533,1.907,success
608,000000069138,256,256,9,0.625,1.869,success
609,000000069213,256,256,13,0.371,1.839,success
610,000000069224,256,256,7,0.340,1.778,success
611,000000069356,256,256,26,0.535,2.020,success
612,000000069795,256,256,4,0.629,2.754,success
613,000000070048,256,256,6,0.341,2.020,success
614,000000070158,256,256,26,0.368,2.218,success
615,000000070229,256,256,23,0.321,1.934,success
616,000000070254,256,256,15,0.353,2.049,success
617,000000070739,256,256,11,0.743,2.451,success
618,000000070774,256,256,21,0.317,1.555,success
619,000000071226,256,256,10,0.405,2.175,success
620,000000071451,256,256,4,0.501,2.116,success
621,000000071711,256,256,13,0.403,2.465,success
622,000000071756,256,256,7,0.524,2.155,success
623,000000071877,256,256,9,0.557,2.196,success
624,000000071938,256,256,6,0.371,2.067,success
625,000000072281,256,256,3,0.526,1.976,success
626,000000072795,256,256,11,0.438,1.848,success
627,000000072813,256,256,3,0.495,1.971,success
628,000000072852,256,256,11,0.700,2.652,success
629,000000073118,256,256,2,0.383,2.320,success
630,000000073153,256,256,6,0.371,1.581,success
631,000000073326,256,256,13,0.350,2.120,success
632,000000073533,256,256,11,0.343,3.116,success
633,000000073702,256,256,11,0.375,1.865,success
634,000000073946,256,256,6,0.450,1.941,success
635,000000074058,256,256,14,0.522,2.205,success
636,000000074092,256,256,4,0.275,1.347,success
637,000000074200,256,256,6,0.410,2.027,success
638,000000074209,256,256,6,0.552,2.590,success
639,000000074256,256,256,24,0.413,2.164,success
640,000000074457,256,256,3,0.439,2.624,success
641,000000074646,256,256,2,0.759,2.590,success
642,000000074733,256,256,16,0.552,2.384,success
643,000000074860,256,256,1,0.490,3.278,success
644,000000075393,256,256,4,0.577,2.681,success
645,000000075456,256,256,5,0.458,2.653,success
646,000000075612,256,256,7,0.731,3.294,success
647,000000076211,256,256,5,0.778,2.740,success
648,000000076261,256,256,1,0.465,2.863,success
649,000000076416,256,256,13,0.672,2.752,success
650,000000076417,256,256,4,0.887,2.773,success
651,000000076468,256,256,6,0.363,2.502,success
652,000000076547,256,256,17,0.346,1.960,success
653,000000076625,256,256,9,0.360,1.777,success
654,000000076731,256,256,3,0.608,1.919,success
655,000000077396,256,256,10,0.837,2.573,success
656,000000077460,256,256,2,0.345,2.583,success
657,000000077595,256,256,13,0.357,1.998,success
658,000000078032,256,256,10,0.318,1.822,success
659,000000078170,256,256,5,0.496,1.634,success
660,000000078266,256,256,7,0.493,1.990,success
661,000000078404,256,256,11,0.544,2.375,success
662,000000078420,256,256,2,0.680,2.464,success
663,000000078426,256,256,4,0.359,1.969,success
664,000000078565,256,256,10,0.329,2.379,success
665,000000078748,256,256,14,0.379,2.176,success
666,000000078823,256,256,14,0.557,1.722,success
667,000000078843,256,256,24,0.372,1.695,success
668,000000078915,256,256,10,0.348,2.287,success
669,000000078959,256,256,9,0.530,1.990,success
670,000000079014,256,256,7,0.325,1.480,success
671,000000079031,256,256,7,0.344,2.035,success
672,000000079034,256,256,13,0.381,1.762,success
673,000000079144,256,256,25,0.302,1.561,success
674,000000079188,256,256,10,0.341,1.697,success
675,000000079229,256,256,4,0.514,1.607,success
676,000000079408,256,256,26,0.288,1.654,success
677,000000079565,256,256,1,0.275,1.661,success
678,000000079588,256,256,6,0.488,1.895,success
679,000000079651,256,256,12,0.390,1.773,success
680,000000079837,256,256,0,0.365,1.237,success
681,000000079969,256,256,19,0.335,1.783,success
682,000000080022,256,256,10,0.291,1.209,success
683,000000080057,256,256,8,0.295,1.726,success
684,000000080153,256,256,5,0.274,2.062,success
685,000000080273,256,256,2,0.274,1.991,success
686,000000080274,256,256,11,0.284,1.434,success
687,000000080340,256,256,19,0.303,1.741,success
688,000000080413,256,256,9,0.341,1.480,success
689,000000080659,256,256,22,0.278,1.586,success
690,000000080666,256,256,3,0.523,2.110,success
691,000000080671,256,256,2,0.281,2.378,success
692,000000080932,256,256,15,0.329,1.407,success
693,000000080949,256,256,9,0.434,4.296,success
694,000000081061,256,256,7,0.340,2.483,success
695,000000081394,256,256,10,0.611,2.174,success
696,000000081594,256,256,20,0.884,2.260,success
697,000000081738,256,256,4,0.372,2.095,success
698,000000081766,256,256,24,0.358,1.960,success
699,000000081988,256,256,3,0.908,2.838,success
700,000000082085,256,256,6,0.273,1.577,success
701,000000082180,256,256,5,0.988,3.533,success
702,000000082688,256,256,5,0.337,1.890,success
703,000000082696,256,256,7,0.359,2.638,success
704,000000082715,256,256,4,0.412,1.972,success
705,000000082765,256,256,4,0.399,1.810,success
706,000000082807,256,256,6,0.390,2.441,success
707,000000082812,256,256,14,0.399,2.585,success
708,000000082821,256,256,18,0.740,2.512,success
709,000000082846,256,256,18,0.461,1.944,success
710,000000082986,256,256,6,0.375,2.177,success
711,000000083113,256,256,11,0.514,2.376,success
712,000000083172,256,256,3,0.685,2.275,success
713,000000083531,256,256,32,0.579,2.349,success
714,000000083540,256,256,6,0.696,2.328,success
715,000000084031,256,256,26,0.603,2.207,success
716,000000084170,256,256,11,0.370,1.885,success
717,000000084241,256,256,8,0.355,1.936,success
718,000000084270,256,256,23,0.615,2.428,success
719,000000084362,256,256,2,0.378,1.836,success
720,000000084431,256,256,14,0.374,2.147,success
721,000000084477,256,256,9,0.479,2.078,success
722,000000084492,256,256,23,0.362,2.027,success
723,000000084650,256,256,1,0.559,1.716,success
724,000000084664,256,256,8,0.640,2.614,success
725,000000084674,256,256,16,0.346,1.603,success
726,000000084752,256,256,5,0.362,2.237,success
727,000000085089,256,256,13,0.362,1.792,success
728,000000085157,256,256,9,0.856,2.375,success
729,000000085195,256,256,3,0.344,2.297,success
730,000000085329,256,256,4,0.572,1.929,success
731,000000085376,256,256,9,0.417,1.817,success
732,000000085478,256,256,8,0.432,2.375,success
733,000000085576,256,256,5,0.372,1.954,success
734,000000085665,256,256,1,0.542,2.848,success
735,000000085682,256,256,6,0.405,2.406,success
736,000000085772,256,256,8,0.934,2.613,success
737,000000085823,256,256,36,0.356,2.461,success
738,000000085911,256,256,2,0.588,2.610,success
739,000000086220,256,256,5,0.615,2.786,success
740,000000086483,256,256,11,1.078,2.846,success
741,000000086582,256,256,11,0.571,2.961,success
742,000000086755,256,256,2,0.526,2.514,success
743,000000086956,256,256,10,0.375,1.805,success
744,000000087038,256,256,10,0.374,1.962,success
745,000000087144,256,256,10,0.410,2.344,success
746,000000087244,256,256,2,0.726,2.479,success
747,000000087470,256,256,18,0.400,2.271,success
748,000000087476,256,256,7,0.884,2.142,success
749,000000087742,256,256,8,0.354,2.475,success
750,000000087875,256,256,13,0.355,2.079,success
751,000000088040,256,256,18,0.719,2.406,success
752,000000088218,256,256,7,0.327,2.078,success
753,000000088250,256,256,9,0.354,2.264,success
754,000000088265,256,256,27,0.400,2.066,success
755,000000088269,256,256,11,0.461,2.153,success
756,000000088345,256,256,2,0.350,1.959,success
757,000000088432,256,256,19,0.476,2.252,success
758,000000088462,256,256,8,0.450,2.177,success
759,000000088485,256,256,12,0.391,2.392,success
760,000000088848,256,256,9,0.362,2.362,success
761,000000088951,256,256,21,0.567,2.456,success
762,000000088970,256,256,7,0.370,1.614,success
763,000000089045,256,256,12,0.685,2.291,success
764,000000089078,256,256,5,0.459,2.629,success
765,000000089271,256,256,19,0.662,2.639,success
766,000000089296,256,256,20,0.358,1.801,success
767,000000089556,256,256,11,0.680,2.666,success
768,000000089648,256,256,20,0.503,2.066,success
769,000000089670,256,256,3,0.535,2.054,success
770,000000089697,256,256,9,0.601,2.240,success
771,000000089761,256,256,5,0.364,1.746,success
772,000000089880,256,256,14,0.400,1.753,success
773,000000090003,256,256,2,0.368,1.934,success
774,000000090062,256,256,22,0.349,2.008,success
775,000000090108,256,256,2,0.359,2.475,success
776,000000090155,256,256,2,0.614,2.458,success
777,000000090208,256,256,21,0.865,2.401,success
778,000000090284,256,256,12,0.357,1.847,success
779,000000090631,256,256,1,0.457,2.656,success
780,000000090891,256,256,16,0.415,2.259,success
781,000000090956,256,256,1,0.376,2.540,success
782,000000091406,256,256,18,0.516,2.513,success
783,000000091495,256,256,5,0.423,2.090,success
784,000000091500,256,256,16,0.362,2.443,success
785,000000091615,256,256,4,0.354,2.640,success
786,000000091619,256,256,11,0.389,6.942,success
787,000000091654,256,256,12,0.477,2.441,success
788,000000091779,256,256,10,0.435,2.003,success
789,000000091921,256,256,8,0.346,1.641,success
790,000000092053,256,256,3,0.407,1.573,success
791,000000092091,256,256,15,0.351,1.803,success
792,000000092124,256,256,2,0.368,2.657,success
793,000000092177,256,256,8,0.348,1.794,success
794,000000092416,256,256,3,0.346,2.031,success
795,000000092660,256,256,19,0.345,2.131,success
796,000000092839,256,256,1,0.386,2.540,success
797,000000092939,256,256,11,0.319,2.024,success
798,000000093154,256,256,12,0.360,1.888,success
799,000000093261,256,256,16,0.340,2.125,success
800,000000093353,256,256,3,0.622,2.366,success
801,000000093437,256,256,13,0.826,2.471,success
802,000000093717,256,256,16,0.503,1.873,success
803,000000093965,256,256,20,0.548,1.875,success
804,000000094157,256,256,3,0.375,2.199,success
805,000000094185,256,256,18,0.373,2.090,success
806,000000094326,256,256,4,0.377,2.482,success
807,000000094336,256,256,4,0.643,2.644,success
808,000000094614,256,256,1,0.395,2.871,success
809,000000094751,256,256,6,0.345,1.984,success
810,000000094852,256,256,7,0.976,2.797,success
811,000000094871,256,256,10,0.592,2.347,success
812,000000094944,256,256,15,0.550,2.464,success
813,000000095069,256,256,2,0.436,2.262,success
814,000000095155,256,256,1,0.883,2.929,success
815,000000095707,256,256,1,0.393,1.812,success
816,000000095786,256,256,8,0.644,2.066,success
817,000000095843,256,256,1,0.418,2.260,success
818,000000095862,256,256,13,0.461,1.832,success
819,000000095899,256,256,15,0.347,2.597,success
820,000000096001,256,256,5,0.356,2.399,success
821,000000096427,256,256,10,0.913,2.619,success
822,000000096493,256,256,6,0.396,2.137,success
823,000000096549,256,256,4,0.305,1.867,success
824,000000096825,256,256,2,0.359,1.751,success
825,000000096960,256,256,3,0.946,2.349,success
826,000000097022,256,256,9,0.361,1.772,success
827,000000097230,256,256,1,0.698,2.283,success
828,000000097278,256,256,5,0.469,2.435,success
829,000000097337,256,256,9,0.337,1.678,success
830,000000097585,256,256,3,0.382,2.415,success
831,000000097679,256,256,4,0.349,1.928,success
832,000000097924,256,256,23,0.370,2.270,success
833,000000097988,256,256,10,0.369,2.114,success
834,000000097994,256,256,4,0.767,2.713,success
835,000000098018,256,256,5,0.600,2.293,success
836,000000098261,256,256,8,0.406,2.179,success
837,000000098287,256,256,4,0.346,2.464,success
838,000000098392,256,256,11,0.404,2.093,success
839,000000098497,256,256,7,0.398,2.038,success
840,000000098520,256,256,10,0.400,2.548,success
841,000000098633,256,256,4,0.352,1.754,success
842,000000098716,256,256,13,0.525,2.480,success
843,000000098839,256,256,7,0.558,2.105,success
844,000000098853,256,256,14,0.341,1.890,success
845,000000099024,256,256,2,0.881,2.697,success
846,000000099039,256,256,5,0.348,2.243,success
847,000000099053,256,256,10,0.304,1.805,success
848,000000099054,256,256,17,0.551,2.045,success
849,000000099114,256,256,11,0.340,1.398,success
850,000000099182,256,256,7,0.332,1.588,success
851,000000099242,256,256,1,0.308,2.615,success
852,000000099428,256,256,5,0.337,1.739,success
853,000000099810,256,256,10,0.302,1.734,success
854,000000100238,256,256,14,0.345,1.854,success
855,000000100274,256,256,13,0.750,2.044,success
856,000000100283,256,256,14,0.730,1.793,success
857,000000100428,256,256,10,0.312,2.467,success
858,000000100489,256,256,8,0.417,2.394,success
859,000000100510,256,256,22,0.527,2.860,success
860,000000100582,256,256,24,0.630,2.675,success
861,000000100624,256,256,20,0.340,1.895,success
862,000000100723,256,256,25,0.506,2.364,success
863,000000101022,256,256,10,0.419,1.911,success
864,000000101068,256,256,6,0.280,1.909,success
865,000000101420,256,256,5,0.546,2.187,success
866,000000101762,256,256,6,0.410,4.343,success
867,000000101780,256,256,12,0.401,1.844,success
868,000000101787,256,256,5,0.554,2.153,success
869,000000101884,256,256,8,0.367,1.449,success
870,000000102331,256,256,21,0.384,2.032,success
871,000000102356,256,256,15,0.828,1.947,success
872,000000102411,256,256,6,0.465,2.299,success
873,000000102644,256,256,3,0.347,1.414,success
874,000000102707,256,256,10,0.892,2.414,success
875,000000102805,256,256,6,0.457,2.090,success
876,000000102820,256,256,9,0.762,2.362,success
877,000000103548,256,256,13,0.514,2.162,success
878,000000103585,256,256,8,0.389,1.782,success
879,000000103723,256,256,10,0.555,2.963,success
880,000000104119,256,256,21,0.417,2.075,success
881,000000104198,256,256,6,0.894,2.580,success
882,000000104424,256,256,9,0.538,2.100,success
883,000000104455,256,256,14,0.757,2.137,success
884,000000104572,256,256,10,0.330,1.678,success
885,000000104603,256,256,22,0.342,2.182,success
886,000000104612,256,256,27,0.358,1.807,success
887,000000104619,256,256,6,0.529,2.938,success
888,000000104666,256,256,4,0.416,1.804,success
889,000000104669,256,256,9,0.393,2.216,success
890,000000104782,256,256,11,0.342,1.825,success
891,000000104803,256,256,3,0.422,1.555,success
892,000000105014,256,256,14,0.338,2.061,success
893,000000105249,256,256,2,0.348,2.003,success
894,000000105264,256,256,5,0.317,1.701,success
895,000000105335,256,256,4,0.678,2.288,success
896,000000105455,256,256,4,0.942,2.702,success
897,000000105912,256,256,11,0.934,2.088,success
898,000000105923,256,256,10,0.369,1.731,success
899,000000106048,256,256,7,0.356,2.110,success
900,000000106235,256,256,8,0.331,1.838,success
901,000000106266,256,256,16,0.342,1.857,success
902,000000106281,256,256,12,0.331,1.515,success
903,000000106330,256,256,1,0.324,2.379,success
904,000000106389,256,256,13,0.532,3.136,success
905,000000106563,256,256,36,0.362,1.897,success
906,000000106757,256,256,9,1.023,2.338,success
907,000000106881,256,256,27,0.422,1.930,success
908,000000106912,256,256,3,0.345,4.861,success
909,000000107087,256,256,5,1.067,2.153,success
910,000000107094,256,256,11,0.329,1.617,success
911,000000107226,256,256,18,0.333,1.530,success
912,000000107339,256,256,3,0.599,2.362,success
913,000000107554,256,256,12,0.362,1.797,success
914,000000107851,256,256,4,0.339,2.272,success
915,000000108026,256,256,6,0.328,1.584,success
916,000000108244,256,256,2,0.853,2.113,success
917,000000108253,256,256,7,0.654,2.391,success
918,000000108440,256,256,4,0.367,1.752,success
919,000000108495,256,256,8,0.512,2.131,success
920,000000108503,256,256,9,0.296,2.103,success
921,000000108864,256,256,3,0.337,1.842,success
922,000000109055,256,256,17,0.323,1.684,success
923,000000109118,256,256,17,0.371,1.578,success
924,000000109313,256,256,9,0.288,1.735,success
925,000000109441,256,256,10,0.410,2.005,success
926,000000109798,256,256,14,0.340,1.672,success
927,000000109827,256,256,8,0.586,2.203,success
928,000000109900,256,256,4,0.369,1.875,success
929,000000109916,256,256,17,0.337,1.507,success
930,000000109976,256,256,10,0.341,1.516,success
931,000000109992,256,256,5,0.355,1.890,success
932,000000110042,256,256,11,0.321,1.508,success
933,000000110211,256,256,9,0.359,1.834,success
934,000000110282,256,256,3,0.368,2.048,success
935,000000110359,256,256,1,0.377,2.187,success
936,000000110449,256,256,4,0.325,1.573,success
937,000000110638,256,256,5,0.342,1.691,success
938,000000110721,256,256,1,0.350,1.740,success
939,000000110784,256,256,11,0.344,1.849,success
940,000000110884,256,256,3,0.566,1.912,success
941,000000110972,256,256,2,0.570,1.714,success
942,000000110999,256,256,4,0.312,1.275,success
943,000000111036,256,256,4,0.543,1.657,success
944,000000111086,256,256,15,0.321,1.694,success
945,000000111179,256,256,8,0.329,1.836,success
946,000000111207,256,256,13,0.368,1.594,success
947,000000111609,256,256,26,0.326,1.596,success
948,000000111951,256,256,15,0.339,1.691,success
949,000000112110,256,256,0,0.490,4.318,success
950,000000112298,256,256,3,0.391,1.860,success
951,000000112378,256,256,25,0.281,1.638,success
952,000000112626,256,256,5,0.510,1.932,success
953,000000112634,256,256,15,0.358,1.601,success
954,000000112798,256,256,9,0.335,1.484,success
955,000000112997,256,256,11,0.486,1.789,success
956,000000113051,256,256,6,0.324,1.486,success
957,000000113235,256,256,21,0.312,1.735,success
958,000000113354,256,256,20,0.384,1.815,success
959,000000113403,256,256,7,0.286,1.868,success
960,000000113589,256,256,8,0.288,1.868,success
961,000000113720,256,256,7,0.382,1.975,success
962,000000113867,256,256,6,0.337,1.783,success
963,000000114049,256,256,13,0.538,1.957,success
964,000000114770,256,256,16,0.387,2.317,success
965,000000114871,256,256,1,0.301,2.960,success
966,000000114884,256,256,11,0.392,2.611,success
967,000000114907,256,256,14,0.316,2.355,success
968,000000115118,256,256,7,0.352,1.930,success
969,000000115245,256,256,12,0.383,1.871,success
970,000000115870,256,256,15,0.301,2.221,success
971,000000115885,256,256,5,0.374,2.144,success
972,000000115898,256,256,13,0.427,2.653,success
973,000000115946,256,256,7,0.354,2.246,success
974,000000116068,256,256,5,0.962,2.967,success
975,000000116206,256,256,5,0.569,2.384,success
976,000000116208,256,256,20,0.346,2.288,success
977,000000116362,256,256,4,0.626,2.399,success
978,000000116439,256,256,11,0.388,1.732,success
979,000000116479,256,256,6,0.362,1.632,success
980,000000116589,256,256,30,0.352,1.716,success
981,000000116825,256,256,11,0.393,1.980,success
982,000000117197,256,256,8,0.344,1.791,success
983,000000117374,256,256,12,0.374,1.894,success
984,000000117425,256,256,7,0.361,1.676,success
985,000000117492,256,256,19,0.350,1.449,success
986,000000117525,256,256,6,0.364,1.490,success
987,000000117645,256,256,3,0.389,1.992,success
988,000000117719,256,256,11,0.377,1.738,success
989,000000117744,256,256,3,0.438,2.176,success
990,000000117908,256,256,7,0.383,1.835,success
991,000000117914,256,256,3,0.370,2.315,success
992,000000118209,256,256,5,0.342,1.845,success
993,000000118367,256,256,6,0.299,1.661,success
994,000000118405,256,256,13,0.386,1.882,success
995,000000118515,256,256,24,0.316,1.595,success
996,000000118594,256,256,11,0.301,1.942,success
997,000000118921,256,256,18,0.338,2.027,success
998,000000119038,256,256,3,0.309,1.749,success
999,000000119088,256,256,14,0.282,1.371,success
1000,000000119233,256,256,11,0.345,1.462,success
1001,000000119365,256,256,11,0.363,1.808,success
1002,000000119445,256,256,6,0.321,1.555,success
1003,000000119452,256,256,9,0.294,1.773,success
1004,000000119516,256,256,5,0.367,1.362,success
1005,000000119641,256,256,11,0.404,8.079,success
1006,000000119677,256,256,4,0.346,1.983,success
1007,000000119828,256,256,7,0.354,1.693,success
1008,000000119911,256,256,17,0.345,1.940,success
1009,000000119995,256,256,2,0.347,2.253,success
1010,000000120420,256,256,16,0.589,2.178,success
1011,000000120572,256,256,15,0.822,2.586,success
1012,000000120584,256,256,3,0.382,2.016,success
1013,000000120777,256,256,10,0.342,1.955,success
1014,000000120853,256,256,9,0.598,2.295,success
1015,000000121031,256,256,11,0.663,2.567,success
1016,000000121153,256,256,11,0.392,1.842,success
1017,000000121242,256,256,14,0.829,2.970,success
1018,000000121417,256,256,4,0.409,2.450,success
1019,000000121497,256,256,14,0.562,1.973,success
1020,000000121506,256,256,10,0.414,1.842,success
1021,000000121586,256,256,7,0.586,2.759,success
1022,000000121591,256,256,7,0.601,3.107,success
1023,000000121673,256,256,2,0.371,2.428,success
1024,000000121744,256,256,16,0.430,2.247,success
1025,000000122046,256,256,3,0.331,1.744,success
1026,000000122166,256,256,10,0.515,2.378,success
1027,000000122217,256,256,7,0.434,1.990,success
1028,000000122606,256,256,8,0.385,1.838,success
1029,000000122672,256,256,10,0.323,1.477,success
1030,000000122745,256,256,4,0.371,1.444,success
1031,000000122927,256,256,3,0.324,1.674,success
1032,000000122962,256,256,20,0.351,1.662,success
1033,000000122969,256,256,31,0.620,1.839,success
1034,000000123131,256,256,7,0.543,2.209,success
1035,000000123213,256,256,10,0.343,1.411,success
1036,000000123321,256,256,15,0.329,1.404,success
1037,000000123480,256,256,8,0.323,1.768,success
1038,000000123585,256,256,7,0.368,1.586,success
1039,000000123633,256,256,16,0.287,1.950,success
1040,000000124277,256,256,19,0.308,1.449,success
1041,000000124442,256,256,4,0.325,1.996,success
1042,000000124636,256,256,14,0.357,1.814,success
1043,000000124659,256,256,13,0.556,1.884,success
1044,000000124798,256,256,12,0.395,1.714,success
1045,000000124975,256,256,13,0.322,1.776,success
1046,000000125062,256,256,14,0.315,1.719,success
1047,000000125072,256,256,1,0.389,2.073,success
1048,000000125129,256,256,9,0.519,1.999,success
1049,000000125211,256,256,12,0.328,1.670,success
1050,000000125245,256,256,23,0.406,1.716,success
1051,000000125257,256,256,17,0.348,1.629,success
1052,000000125405,256,256,6,0.337,2.142,success
1053,000000125472,256,256,3,0.605,2.579,success
1054,000000125572,256,256,6,0.331,2.007,success
1055,000000125778,256,256,5,0.321,1.542,success
1056,000000125806,256,256,22,0.331,1.731,success
1057,000000125850,256,256,2,0.352,1.393,success
1058,000000125936,256,256,23,0.331,1.502,success
1059,000000125952,256,256,4,0.353,1.980,success
1060,000000126107,256,256,1,0.352,2.117,success
1061,000000126110,256,256,9,0.367,1.381,success
1062,000000126137,256,256,6,0.375,2.037,success
1063,000000126216,256,256,11,0.321,1.710,success
1064,000000126226,256,256,7,0.359,1.882,success
1065,000000126592,256,256,8,0.351,2.051,success
1066,000000127092,256,256,11,0.351,1.827,success
1067,000000127135,256,256,7,0.390,1.707,success
1068,000000127182,256,256,13,0.330,1.616,success
1069,000000127263,256,256,12,0.431,1.915,success
1070,000000127270,256,256,11,0.336,1.993,success
1071,000000127394,256,256,29,0.297,1.569,success
1072,000000127476,256,256,35,0.311,1.606,success
1073,000000127494,256,256,10,0.261,1.378,success
1074,000000127517,256,256,6,0.358,1.906,success
1075,000000127530,256,256,20,0.418,1.822,success
1076,000000127624,256,256,3,0.415,1.811,success
1077,000000127660,256,256,8,0.346,1.285,success
1078,000000127955,256,256,4,0.330,1.553,success
1079,000000127987,256,256,7,0.859,2.672,success
1080,000000128051,256,256,3,0.354,2.195,success
1081,000000128112,256,256,2,0.305,3.257,success
1082,000000128148,256,256,7,0.318,1.910,success
1083,000000128372,256,256,6,0.330,2.745,success
1084,000000128476,256,256,21,0.467,1.560,success
1085,000000128598,256,256,7,0.309,1.500,success
1086,000000128654,256,256,1,0.363,2.303,success
1087,000000128658,256,256,12,0.330,1.876,success
1088,000000128675,256,256,3,0.391,1.960,success
1089,000000128699,256,256,8,0.469,2.318,success
1090,000000128748,256,256,17,0.353,1.789,success
1091,000000129054,256,256,18,0.391,2.984,success
1092,000000129062,256,256,15,0.388,1.866,success
1093,000000129113,256,256,34,0.361,2.291,success
1094,000000129135,256,256,13,0.376,1.920,success
1095,000000129322,256,256,4,0.369,1.786,success
1096,000000129416,256,256,19,0.449,2.044,success
1097,000000129492,256,256,4,0.799,2.570,success
1098,000000129756,256,256,15,0.418,2.354,success
1099,000000129812,256,256,5,0.951,3.526,success
1100,000000129945,256,256,5,0.374,2.291,success
1101,000000130386,256,256,11,0.716,2.679,success
1102,000000130465,256,256,4,0.420,2.848,success
1103,000000130566,256,256,9,0.564,2.457,success
1104,000000130579,256,256,2,0.474,2.259,success
1105,000000130586,256,256,14,0.528,5.653,success
1106,000000130599,256,256,11,0.487,2.425,success
1107,000000130613,256,256,20,0.353,2.102,success
1108,000000130699,256,256,3,0.571,1.820,success
1109,000000130826,256,256,18,0.384,2.034,success
1110,000000131131,256,256,7,0.603,2.260,success
1111,000000131138,256,256,12,0.348,1.797,success
1112,000000131273,256,256,3,0.364,1.611,success
1113,000000131379,256,256,8,0.337,1.898,success
1114,000000131386,256,256,1,0.433,2.313,success
1115,000000131431,256,256,22,0.345,2.097,success
1116,000000131444,256,256,14,0.345,1.595,success
1117,000000131556,256,256,2,0.302,2.175,success
1118,000000131938,256,256,15,0.344,1.606,success
1119,000000132116,256,256,10,0.348,1.479,success
1120,000000132329,256,256,8,0.339,1.657,success
1121,000000132375,256,256,9,0.354,1.940,success
1122,000000132408,256,256,4,0.331,1.498,success
1123,000000132544,256,256,11,0.643,1.900,success
1124,000000132587,256,256,1,0.396,1.795,success
1125,000000132622,256,256,8,0.328,1.811,success
1126,000000132703,256,256,5,0.358,2.141,success
1127,000000132796,256,256,21,0.408,1.561,success
1128,000000132931,256,256,11,0.349,1.993,success
1129,000000133000,256,256,18,0.330,1.789,success
1130,000000133087,256,256,9,0.292,1.388,success
1131,000000133233,256,256,15,0.281,1.885,success
1132,000000133244,256,256,23,0.356,1.619,success
1133,000000133343,256,256,10,0.553,1.995,success
1134,000000133418,256,256,6,0.344,1.449,success
1135,000000133567,256,256,8,0.642,2.218,success
1136,000000133631,256,256,13,0.577,2.004,success
1137,000000133645,256,256,8,0.882,2.083,success
1138,000000133778,256,256,5,0.357,2.067,success
1139,000000133819,256,256,18,0.331,1.846,success
1140,000000133969,256,256,7,0.300,1.787,success
1141,000000134034,256,256,28,0.282,1.587,success
1142,000000134096,256,256,5,0.272,1.900,success
1143,000000134112,256,256,7,0.345,2.571,success
1144,000000134322,256,256,8,0.362,2.205,success
1145,000000134689,256,256,3,0.815,2.501,success
1146,000000134722,256,256,3,0.585,2.692,success
1147,000000134856,256,256,3,0.471,2.533,success
1148,000000134882,256,256,10,0.593,2.644,success
1149,000000134886,256,256,2,0.444,2.443,success
1150,000000135410,256,256,8,0.467,2.016,success
1151,000000135561,256,256,6,0.455,1.894,success
1152,000000135604,256,256,19,0.632,2.617,success
1153,000000135670,256,256,7,0.948,2.963,success
1154,000000135673,256,256,1,0.404,2.605,success
1155,000000135872,256,256,11,0.354,1.597,success
1156,000000135890,256,256,2,0.382,2.081,success
1157,000000135902,256,256,11,0.343,1.820,success
1158,000000136033,256,256,11,0.538,2.537,success
1159,000000136334,256,256,2,0.647,2.794,success
1160,000000136355,256,256,12,0.933,3.143,success
1161,000000136466,256,256,7,0.343,2.001,success
1162,000000136600,256,256,6,0.529,2.308,success
1163,000000136633,256,256,20,0.722,2.656,success
1164,000000136715,256,256,16,0.391,2.467,success
1165,000000136772,256,256,5,0.998,3.607,success
1166,000000136915,256,256,11,0.922,3.627,success
1167,000000137106,256,256,4,1.091,4.073,success
1168,000000137246,256,256,14,0.798,3.155,success
1169,000000137294,256,256,13,0.355,2.616,success
1170,000000137576,256,256,12,0.359,1.760,success
1171,000000137727,256,256,10,0.573,2.377,success
1172,000000137950,256,256,5,0.366,2.727,success
1173,000000138115,256,256,6,0.360,2.632,success
1174,000000138241,256,256,4,0.472,2.545,success
1175,000000138492,256,256,8,0.482,2.169,success
1176,000000138550,256,256,5,0.453,1.942,success
1177,000000138639,256,256,8,0.450,1.958,success
1178,000000138819,256,256,7,0.399,1.652,success
1179,000000138856,256,256,15,0.353,2.046,success
1180,000000138954,256,256,4,0.423,2.076,success
1181,000000138979,256,256,8,0.374,1.831,success
1182,000000139077,256,256,11,1.098,2.989,success
1183,000000139099,256,256,21,0.454,2.138,success
1184,000000139260,256,256,2,0.409,2.119,success
1185,000000139684,256,256,4,0.370,2.606,success
1186,000000139871,256,256,5,0.472,2.317,success
1187,000000139872,256,256,12,0.416,1.800,success
1188,000000139883,256,256,22,0.357,2.041,success
1189,000000140076,256,256,8,0.421,1.988,success
1190,000000140203,256,256,9,0.374,2.285,success
1191,000000140270,256,256,5,0.358,2.898,success
1192,000000140286,256,256,18,0.347,1.573,success
1193,000000140420,256,256,2,0.531,1.614,success
1194,000000140439,256,256,5,0.696,2.581,success
1195,000000140556,256,256,17,0.376,1.767,success
1196,000000140583,256,256,2,0.317,1.671,success
1197,000000140640,256,256,8,0.560,2.011,success
1198,000000140658,256,256,1,0.305,1.795,success
1199,000000140840,256,256,12,0.369,1.965,success
1200,000000140929,256,256,9,0.340,2.046,success
1201,000000140987,256,256,14,0.888,2.467,success
1202,000000141328,256,256,23,0.497,2.183,success
1203,000000141597,256,256,4,0.396,2.460,success
1204,000000141671,256,256,23,0.380,1.755,success
1205,000000141821,256,256,22,0.554,2.501,success
1206,000000142092,256,256,14,0.443,1.876,success
1207,000000142238,256,256,31,0.352,1.563,success
1208,000000142324,256,256,10,0.396,1.995,success
1209,000000142472,256,256,20,0.353,1.639,success
1210,000000142585,256,256,11,0.444,1.800,success
1211,000000142620,256,256,20,0.444,1.768,success
1212,000000142790,256,256,8,0.590,2.823,success
1213,000000142971,256,256,9,0.992,2.336,success
1214,000000143068,256,256,4,0.387,2.465,success
1215,000000143556,256,256,10,0.388,1.979,success
1216,000000143572,256,256,31,0.346,1.914,success
1217,000000143931,256,256,11,0.333,1.416,success
1218,000000143961,256,256,16,0.972,2.652,success
1219,000000143998,256,256,12,0.490,2.312,success
1220,000000144003,256,256,13,0.565,2.288,success
1221,000000144114,256,256,3,0.976,3.094,success
1222,000000144300,256,256,9,0.384,1.770,success
1223,000000144333,256,256,19,0.733,2.273,success
1224,000000144706,256,256,6,0.582,2.226,success
1225,000000144784,256,256,7,0.682,1.989,success
1226,000000144798,256,256,2,0.477,2.810,success
1227,000000144932,256,256,4,0.824,2.517,success
1228,000000144984,256,256,4,0.539,2.572,success
1229,000000145020,256,256,20,0.618,2.278,success
1230,000000145591,256,256,6,0.313,1.744,success
1231,000000145597,256,256,21,0.357,1.511,success
1232,000000145620,256,256,15,0.290,2.089,success
1233,000000145665,256,256,7,0.378,1.458,success
1234,000000145781,256,256,12,0.381,1.732,success
1235,000000146155,256,256,13,0.351,1.439,success
1236,000000146358,256,256,11,0.749,2.691,success
1237,000000146363,256,256,6,0.325,1.447,success
1238,000000146457,256,256,21,0.318,1.537,success
1239,000000146489,256,256,6,0.306,1.502,success
1240,000000146498,256,256,11,0.347,1.837,success
1241,000000146667,256,256,18,0.322,1.524,success
1242,000000146825,256,256,9,0.313,1.397,success
1243,000000146831,256,256,8,0.460,2.131,success
1244,000000147205,256,256,18,0.397,1.878,success
1245,000000147223,256,256,18,0.532,1.721,success
1246,000000147338,256,256,9,0.334,1.580,success
1247,000000147415,256,256,2,0.334,1.549,success
1248,000000147498,256,256,1,0.387,2.013,success
1249,000000147518,256,256,6,0.332,1.603,success
1250,000000147725,256,256,3,0.619,1.980,success
1251,000000147729,256,256,2,0.450,1.784,success
1252,000000147740,256,256,15,0.700,2.639,success
1253,000000147745,256,256,7,0.458,2.699,success
1254,000000148508,256,256,13,0.400,2.043,success
1255,000000148620,256,256,3,0.542,2.509,success
1256,000000148662,256,256,8,0.464,1.914,success
1257,000000148707,256,256,40,0.539,2.148,success
1258,000000148719,256,256,20,0.499,1.806,success
1259,000000148730,256,256,7,0.383,2.578,success
1260,000000148739,256,256,10,0.529,2.661,success
1261,000000148783,256,256,22,0.316,1.668,success
1262,000000148957,256,256,20,0.699,2.396,success
1263,000000148999,256,256,7,0.358,2.230,success
1264,000000149222,256,256,12,0.453,2.432,success
1265,000000149375,256,256,6,0.604,2.376,success
1266,000000149406,256,256,16,0.570,2.180,success
1267,000000149568,256,256,10,0.315,2.518,success
1268,000000149622,256,256,36,0.358,1.948,success
1269,000000149770,256,256,1,0.436,2.573,success
1270,000000150224,256,256,6,0.304,2.206,success
1271,000000150265,256,256,13,0.334,1.627,success
1272,000000150417,256,256,9,0.370,2.040,success
1273,000000150638,256,256,8,0.639,2.006,success
1274,000000150649,256,256,9,0.736,2.453,success
1275,000000150726,256,256,5,0.434,2.024,success
1276,000000150930,256,256,5,0.597,2.689,success
1277,000000151000,256,256,16,0.916,2.564,success
1278,000000151051,256,256,2,0.769,3.589,success
1279,000000151480,256,256,16,0.553,2.193,success
1280,000000151516,256,256,0,0.366,1.297,success
1281,000000151629,256,256,17,0.311,1.597,success
1282,000000151657,256,256,7,0.534,1.880,success
1283,000000151662,256,256,15,0.357,1.943,success
1284,000000151820,256,256,6,0.311,1.753,success
1285,000000151857,256,256,14,0.308,1.662,success
1286,000000151938,256,256,8,0.305,1.449,success
1287,000000151962,256,256,4,0.383,1.736,success
1288,000000152120,256,256,11,0.377,1.897,success
1289,000000152214,256,256,7,0.314,1.424,success
1290,000000152465,256,256,14,0.291,1.873,success
1291,000000152686,256,256,12,0.380,1.804,success
1292,000000152740,256,256,11,0.337,2.228,success
1293,000000152771,256,256,6,0.379,1.822,success
1294,000000152870,256,256,3,0.637,2.040,success
1295,000000153011,256,256,23,0.584,2.036,success
1296,000000153217,256,256,19,0.331,1.514,success
1297,000000153229,256,256,15,0.344,1.600,success
1298,000000153299,256,256,16,0.563,2.088,success
1299,000000153343,256,256,10,0.360,1.417,success
1300,000000153510,256,256,12,0.522,2.423,success
1301,000000153527,256,256,10,0.618,2.081,success
1302,000000153529,256,256,9,0.332,1.895,success
1303,000000153568,256,256,2,0.353,2.158,success
1304,000000153632,256,256,6,0.346,2.046,success
1305,000000153669,256,256,23,0.567,1.973,success
1306,000000153782,256,256,17,0.350,1.981,success
1307,000000153797,256,256,4,0.305,1.617,success
1308,000000154000,256,256,7,0.335,1.961,success
1309,000000154004,256,256,21,0.378,2.100,success
1310,000000154087,256,256,1,0.318,2.162,success
1311,000000154213,256,256,2,0.563,2.565,success
1312,000000154339,256,256,7,0.437,1.610,success
1313,000000154358,256,256,9,0.679,2.358,success
1314,000000154425,256,256,8,0.379,2.033,success
1315,000000154431,256,256,21,0.400,2.063,success
1316,000000154644,256,256,7,0.621,2.298,success
1317,000000154705,256,256,14,0.464,2.085,success
1318,000000154718,256,256,3,0.361,1.743,success
1319,000000154947,256,256,3,0.387,2.331,success
1320,000000155051,256,256,1,0.492,1.776,success
1321,000000155145,256,256,15,0.431,1.787,success
1322,000000155154,256,256,5,0.424,2.358,success
1323,000000155179,256,256,8,0.502,2.553,success
1324,000000155291,256,256,3,0.557,2.519,success
1325,000000155341,256,256,4,0.441,2.343,success
1326,000000155443,256,256,12,0.440,2.127,success
1327,000000155451,256,256,10,0.872,2.712,success
1328,000000155571,256,256,19,0.470,2.415,success
1329,000000156071,256,256,33,0.589,2.289,success
1330,000000156076,256,256,20,0.492,2.301,success
1331,000000156278,256,256,10,0.657,2.840,success
1332,000000156292,256,256,24,0.699,2.509,success
1333,000000156372,256,256,8,0.494,2.728,success
1334,000000156643,256,256,11,0.445,2.201,success
1335,000000156924,256,256,13,0.755,2.365,success
1336,000000157046,256,256,4,0.413,2.342,success
1337,000000157098,256,256,15,0.463,2.205,success
1338,000000157124,256,256,2,0.802,3.022,success
1339,000000157138,256,256,8,0.446,2.187,success
1340,000000157213,256,256,17,0.432,2.386,success
1341,000000157365,256,256,7,0.572,2.147,success
1342,000000157390,256,256,8,0.365,2.789,success
1343,000000157418,256,256,6,0.322,2.208,success
1344,000000157601,256,256,8,0.499,2.389,success
1345,000000157756,256,256,9,0.628,2.409,success
1346,000000157767,256,256,5,0.590,2.864,success
1347,000000157807,256,256,4,0.605,2.660,success
1348,000000157847,256,256,5,0.496,2.331,success
1349,000000157928,256,256,9,0.494,2.695,success
1350,000000158227,256,256,15,0.498,2.315,success
1351,000000158548,256,256,7,0.420,2.506,success
1352,000000158660,256,256,7,0.562,2.239,success
1353,000000158744,256,256,2,0.408,1.901,success
1354,000000158945,256,256,20,0.574,2.417,success
1355,000000158956,256,256,10,0.396,1.839,success
1356,000000159112,256,256,16,0.367,1.848,success
1357,000000159282,256,256,5,0.352,1.585,success
1358,000000159311,256,256,31,0.344,1.690,success
1359,000000159399,256,256,2,0.539,2.355,success
1360,000000159458,256,256,6,0.336,1.885,success
1361,000000159684,256,256,17,0.598,2.238,success
1362,000000159791,256,256,6,0.365,1.920,success
1363,000000159977,256,256,2,0.594,1.798,success
1364,000000160012,256,256,34,0.353,1.797,success
1365,000000160556,256,256,7,0.434,1.621,success
1366,000000160666,256,256,9,0.433,2.267,success
1367,000000160728,256,256,11,0.546,2.504,success
1368,000000160772,256,256,8,0.585,2.303,success
1369,000000160864,256,256,13,0.599,1.992,success
1370,000000161008,256,256,10,0.503,1.856,success
1371,000000161032,256,256,6,0.591,2.039,success
1372,000000161044,256,256,1,0.435,2.389,success
1373,000000161128,256,256,5,0.800,3.130,success
1374,000000161397,256,256,6,0.445,2.490,success
1375,000000161609,256,256,14,0.737,2.327,success
1376,000000161642,256,256,9,0.654,2.864,success
1377,000000161781,256,256,5,0.599,2.428,success
1378,000000161799,256,256,1,0.510,2.774,success
1379,000000161820,256,256,24,0.470,1.855,success
1380,000000161861,256,256,2,0.446,2.138,success
1381,000000161875,256,256,9,0.535,2.181,success
1382,000000161879,256,256,7,0.454,2.002,success
1383,000000161925,256,256,7,0.474,2.059,success
1384,000000161978,256,256,8,0.452,2.534,success
1385,000000162035,256,256,1,0.478,1.759,success
1386,000000162092,256,256,5,0.475,1.984,success
1387,000000162130,256,256,2,0.634,2.221,success
1388,000000162366,256,256,14,0.441,2.037,success
1389,000000162415,256,256,15,0.404,1.920,success
1390,000000162543,256,256,10,0.590,2.184,success
1391,000000162581,256,256,4,0.449,1.886,success
1392,000000162732,256,256,14,0.509,2.329,success
1393,000000162858,256,256,16,0.741,2.819,success
1394,000000163057,256,256,2,0.530,2.161,success
1395,000000163117,256,256,4,0.507,2.312,success
1396,000000163118,256,256,8,0.465,2.030,success
1397,000000163155,256,256,5,0.584,2.255,success
1398,000000163257,256,256,6,0.523,2.646,success
1399,000000163258,256,256,3,0.530,2.773,success
1400,000000163290,256,256,13,0.449,2.253,success
1401,000000163314,256,256,10,0.531,2.033,success
1402,000000163562,256,256,3,0.451,2.188,success
1403,000000163611,256,256,23,0.483,2.582,success
1404,000000163640,256,256,9,0.605,2.281,success
1405,000000163682,256,256,6,0.481,2.659,success
1406,000000163746,256,256,9,0.473,2.481,success
1407,000000163951,256,256,3,0.474,2.950,success
1408,000000164115,256,256,18,0.606,3.019,success
1409,000000164363,256,256,1,0.705,2.994,success
1410,000000164602,256,256,8,0.693,2.680,success
1411,000000164637,256,256,6,0.477,2.322,success
1412,000000164883,256,256,6,0.563,2.962,success
1413,000000164885,256,256,3,0.522,3.079,success
1414,000000164969,256,256,22,0.721,2.735,success
1415,000000165039,256,256,9,0.471,2.138,success
1416,000000165257,256,256,14,0.773,2.641,success
1417,000000165336,256,256,7,0.760,2.884,success
1418,000000165351,256,256,18,0.506,2.422,success
1419,000000165500,256,256,11,0.955,2.822,success
1420,000000165518,256,256,1,0.440,2.112,success
1421,000000165681,256,256,37,0.505,1.981,success
1422,000000165713,256,256,16,0.457,1.974,success
1423,000000165831,256,256,5,1.026,2.690,success
1424,000000166165,256,256,5,0.463,2.339,success
1425,000000166166,256,256,2,0.605,2.310,success
1426,000000166259,256,256,11,0.528,2.686,success
1427,000000166277,256,256,14,0.534,2.442,success
1428,000000166287,256,256,0,0.456,1.647,success
1429,000000166391,256,256,11,0.549,1.928,success
1430,000000166426,256,256,15,0.554,2.421,success
1431,000000166478,256,256,7,0.578,2.439,success
1432,000000166509,256,256,6,0.514,1.949,success
1433,000000166521,256,256,11,0.669,2.513,success
1434,000000166563,256,256,9,0.624,2.462,success
1435,000000166642,256,256,10,0.893,3.136,success
1436,000000166664,256,256,2,1.019,2.920,success
1437,000000166747,256,256,20,0.541,2.520,success
1438,000000166768,256,256,1,0.483,2.826,success
1439,000000166918,256,256,15,0.604,2.276,success
1440,000000167067,256,256,4,0.574,2.266,success
1441,000000167122,256,256,5,0.542,1.830,success
1442,000000167128,256,256,11,0.467,2.415,success
1443,000000167159,256,256,5,0.474,1.934,success
1444,000000167240,256,256,15,0.510,1.842,success
1445,000000167353,256,256,13,0.573,2.326,success
1446,000000167486,256,256,9,0.488,1.834,success
1447,000000167540,256,256,1,0.515,2.535,success
1448,000000167572,256,256,12,0.505,1.996,success
1449,000000167898,256,256,9,0.572,2.436,success
1450,000000167902,256,256,19,0.671,2.445,success
1451,000000168330,256,256,6,0.807,2.738,success
1452,000000168337,256,256,6,0.555,1.777,success
1453,000000168458,256,256,8,0.493,2.531,success
1454,000000168593,256,256,5,0.738,2.468,success
1455,000000168619,256,256,5,0.972,2.513,success
1456,000000168883,256,256,13,0.558,2.061,success
1457,000000168974,256,256,7,0.509,1.837,success
1458,000000169076,256,256,5,0.888,2.638,success
1459,000000169169,256,256,25,0.500,2.156,success
1460,000000169356,256,256,13,0.567,2.764,success
1461,000000169996,256,256,15,0.906,3.097,success
1462,000000170099,256,256,15,0.966,2.815,success
1463,000000170116,256,256,12,1.257,3.058,success
1464,000000170191,256,256,7,0.904,2.541,success
1465,000000170278,256,256,20,0.697,2.369,success
1466,000000170474,256,256,15,0.742,2.437,success
1467,000000170545,256,256,2,0.538,2.157,success
1468,000000170595,256,256,3,0.596,2.540,success
1469,000000170613,256,256,4,0.873,3.225,success
1470,000000170670,256,256,23,0.684,2.426,success
1471,000000170739,256,256,15,0.685,2.256,success
1472,000000170893,256,256,2,0.904,3.076,success
1473,000000170955,256,256,2,0.609,3.352,success
1474,000000171050,256,256,5,1.228,2.984,success
1475,000000171190,256,256,6,0.538,2.163,success
1476,000000171298,256,256,18,0.578,3.123,success
1477,000000171382,256,256,25,0.837,3.128,success
1478,000000171611,256,256,4,0.560,3.200,success
1479,000000171740,256,256,9,1.385,4.268,success
1480,000000171757,256,256,2,1.026,3.117,success
1481,000000171788,256,256,4,0.962,3.835,success
1482,000000172083,256,256,6,1.112,3.471,success
1483,000000172330,256,256,19,1.053,3.261,success
1484,000000172396,256,256,5,0.720,2.636,success
1485,000000172547,256,256,2,0.537,2.398,success
1486,000000172571,256,256,26,0.638,3.081,success
1487,000000172595,256,256,8,0.890,2.853,success
1488,000000172617,256,256,7,0.970,3.017,success
1489,000000172648,256,256,13,0.618,2.389,success
1490,000000172649,256,256,4,0.687,2.150,success
1491,000000172856,256,256,5,0.531,2.309,success
1492,000000172877,256,256,6,0.479,2.154,success
1493,000000172935,256,256,8,0.556,2.494,success
1494,000000172946,256,256,13,0.740,2.405,success
1495,000000172977,256,256,24,0.535,2.124,success
1496,000000173004,256,256,10,0.498,1.925,success
1497,000000173008,256,256,9,0.565,2.527,success
1498,000000173033,256,256,1,0.613,3.163,success
1499,000000173044,256,256,3,0.544,2.614,success
1500,000000173057,256,256,20,0.570,2.244,success
1501,000000173091,256,256,2,0.645,2.940,success
1502,000000173183,256,256,26,0.672,2.798,success
1503,000000173302,256,256,19,0.537,2.355,success
1504,000000173371,256,256,14,0.633,2.815,success
1505,000000173383,256,256,10,0.545,2.161,success
1506,000000173799,256,256,19,0.528,2.973,success
1507,000000173830,256,256,4,0.985,3.242,success
1508,000000174004,256,256,7,0.536,2.113,success
1509,000000174018,256,256,14,0.615,2.486,success
1510,000000174123,256,256,19,0.606,2.651,success
1511,000000174231,256,256,9,0.551,2.499,success
1512,000000174371,256,256,27,0.657,2.638,success
1513,000000174482,256,256,21,0.852,2.941,success
1514,000000175251,256,256,8,0.602,2.446,success
1515,000000175364,256,256,8,1.006,2.826,success
1516,000000175387,256,256,2,0.794,3.422,success
1517,000000175438,256,256,12,0.753,2.602,success
1518,000000175443,256,256,9,0.547,1.862,success
1519,000000175535,256,256,9,0.505,2.311,success
1520,000000176037,256,256,13,0.581,1.929,success
1521,000000176232,256,256,3,0.583,2.628,success
1522,000000176446,256,256,5,0.581,2.217,success
1523,000000176606,256,256,9,0.502,2.276,success
1524,000000176634,256,256,36,0.463,2.266,success
1525,000000176701,256,256,5,0.652,2.112,success
1526,000000176778,256,256,3,0.439,1.849,success
1527,000000176799,256,256,25,0.705,2.278,success
1528,000000176847,256,256,52,0.498,2.049,success
1529,000000176857,256,256,16,0.492,1.950,success
1530,000000176901,256,256,3,0.514,2.494,success
1531,000000177015,256,256,10,0.651,1.970,success
1532,000000177065,256,256,9,0.494,2.245,success
1533,000000177213,256,256,2,0.514,2.339,success
1534,000000177357,256,256,12,0.702,2.160,success
1535,000000177383,256,256,16,0.682,2.122,success
1536,000000177489,256,256,13,0.511,2.202,success
1537,000000177539,256,256,8,0.497,2.472,success
1538,000000177714,256,256,14,0.534,1.976,success
1539,000000177861,256,256,8,0.523,2.021,success
1540,000000177893,256,256,4,0.534,2.394,success
1541,000000177934,256,256,23,0.493,2.044,success
1542,000000177935,256,256,8,0.769,2.423,success
1543,000000178028,256,256,9,0.459,1.744,success
1544,000000178469,256,256,15,0.743,2.402,success
1545,000000178618,256,256,3,0.513,1.934,success
1546,000000178744,256,256,7,0.458,2.160,success
1547,000000178982,256,256,6,0.685,1.843,success
1548,000000179112,256,256,7,0.524,2.483,success
1549,000000179141,256,256,5,0.438,1.657,success
1550,000000179174,256,256,6,0.499,2.342,success
1551,000000179214,256,256,15,0.743,2.648,success
1552,000000179265,256,256,9,0.507,2.096,success
1553,000000179285,256,256,2,0.752,2.064,success
1554,000000179392,256,256,6,0.736,2.200,success
1555,000000179487,256,256,22,0.709,2.628,success
1556,000000179642,256,256,16,0.602,2.667,success
1557,000000179653,256,256,8,0.796,3.113,success
1558,000000179765,256,256,19,0.860,3.131,success
1559,000000179898,256,256,14,0.844,3.180,success
1560,000000180011,256,256,25,1.039,3.188,success
1561,000000180101,256,256,11,0.907,3.038,success
1562,000000180135,256,256,14,0.512,2.469,success
1563,000000180188,256,256,5,0.566,4.771,success
1564,000000180296,256,256,5,0.962,3.596,success
1565,000000180383,256,256,8,0.814,3.164,success
1566,000000180487,256,256,12,0.781,11.172,success
1567,000000180560,256,256,6,1.049,3.751,success
1568,000000180751,256,256,16,0.694,3.305,success
1569,000000180792,256,256,2,0.681,3.411,success
1570,000000180798,256,256,14,0.593,2.639,success
1571,000000180878,256,256,7,0.634,3.336,success
1572,000000181303,256,256,7,0.626,2.978,success
1573,000000181421,256,256,9,0.554,2.667,success
1574,000000181499,256,256,3,0.565,3.279,success
1575,000000181542,256,256,25,0.608,3.162,success
1576,000000181666,256,256,12,0.741,3.277,success
1577,000000181753,256,256,3,0.581,2.287,success
1578,000000181796,256,256,12,0.673,3.009,success
1579,000000181816,256,256,20,0.618,2.916,success
1580,000000181859,256,256,6,0.751,6.883,success
1581,000000181969,256,256,5,0.668,2.873,success
1582,000000182021,256,256,7,0.624,6.137,success
1583,000000182155,256,256,2,0.567,3.429,success
1584,000000182162,256,256,9,0.614,3.099,success
1585,000000182202,256,256,8,0.586,3.072,success
1586,000000182417,256,256,3,0.768,3.344,success
1587,000000182441,256,256,11,0.554,3.531,success
1588,000000182611,256,256,17,0.670,3.617,success
1589,000000182805,256,256,5,0.652,2.998,success
1590,000000182923,256,256,15,0.873,3.328,success
1591,000000183049,256,256,30,0.677,3.557,success
1592,000000183104,256,256,16,0.902,3.911,success
1593,000000183127,256,256,3,0.687,5.647,success
1594,000000183246,256,256,2,0.595,3.392,success
1595,000000183391,256,256,12,0.859,3.238,success
1596,000000183437,256,256,14,0.855,3.520,success
1597,000000183500,256,256,5,0.842,3.984,success
1598,000000183648,256,256,13,0.876,3.672,success
1599,000000183675,256,256,12,0.805,3.154,success
1600,000000183709,256,256,12,0.609,3.200,success
1601,000000183716,256,256,13,0.791,2.596,success
1602,000000183965,256,256,9,0.585,2.731,success
1603,000000184321,256,256,3,0.755,4.310,success
1604,000000184324,256,256,5,0.938,3.363,success
1605,000000184338,256,256,9,0.581,2.804,success
1606,000000184384,256,256,12,0.632,2.909,success
1607,000000184400,256,256,4,0.941,3.419,success
1608,000000184611,256,256,12,0.602,2.651,success
1609,000000184762,256,256,8,0.684,3.145,success
1610,000000184791,256,256,15,0.757,3.396,success
1611,000000184978,256,256,12,0.607,3.317,success
1612,000000185157,256,256,2,0.597,3.207,success
1613,000000185250,256,256,16,0.601,2.695,success
1614,000000185292,256,256,11,0.664,3.155,success
1615,000000185409,256,256,12,0.582,2.740,success
1616,000000185472,256,256,12,0.558,3.220,success
1617,000000185473,256,256,6,0.628,2.566,success
1618,000000185599,256,256,3,0.685,3.423,success
1619,000000185802,256,256,8,0.760,3.187,success
1620,000000185890,256,256,12,0.582,2.471,success
1621,000000185950,256,256,5,0.889,3.618,success
1622,000000186042,256,256,7,0.665,3.453,success
1623,000000186282,256,256,7,0.664,2.627,success
1624,000000186296,256,256,4,0.590,3.199,success
1625,000000186345,256,256,1,0.850,3.273,success
1626,000000186422,256,256,30,0.616,2.839,success
1627,000000186449,256,256,13,0.742,4.637,success
1628,000000186624,256,256,20,0.736,2.983,success
1629,000000186632,256,256,11,0.622,2.696,success
1630,000000186637,256,256,22,0.841,2.873,success
1631,000000186873,256,256,3,0.574,2.918,success
1632,000000186929,256,256,5,0.609,3.215,success
1633,000000186938,256,256,8,0.639,3.866,success
1634,000000186980,256,256,8,0.564,3.239,success
1635,000000187055,256,256,14,0.642,3.135,success
1636,000000187144,256,256,8,0.851,5.213,success
1637,000000187236,256,256,1,0.779,2.955,success
1638,000000187243,256,256,4,0.600,3.227,success
1639,000000187249,256,256,4,0.611,2.227,success
1640,000000187271,256,256,5,0.560,2.700,success
1641,000000187362,256,256,4,0.615,3.065,success
1642,000000187513,256,256,5,0.798,2.864,success
1643,000000187585,256,256,8,0.604,2.777,success
1644,000000187734,256,256,11,0.774,3.435,success
1645,000000187745,256,256,0,0.705,2.809,success
1646,000000187990,256,256,3,0.550,2.850,success
1647,000000188296,256,256,22,0.634,3.105,success
1648,000000188439,256,256,16,0.558,3.165,success
1649,000000188465,256,256,7,0.553,2.682,success
1650,000000188592,256,256,3,0.849,3.298,success
1651,000000188689,256,256,2,0.611,2.478,success
1652,000000188906,256,256,9,1.034,3.165,success
1653,000000189078,256,256,5,0.699,3.363,success
1654,000000189213,256,256,7,0.598,4.026,success
1655,000000189226,256,256,8,0.565,2.894,success
1656,000000189310,256,256,2,0.654,3.399,success
1657,000000189436,256,256,14,0.825,3.207,success
1658,000000189451,256,256,11,0.567,10.083,success
1659,000000189475,256,256,14,0.656,3.089,success
1660,000000189698,256,256,19,0.810,3.149,success
1661,000000189752,256,256,10,0.732,3.169,success
1662,000000189775,256,256,20,1.004,4.174,success
1663,000000189806,256,256,12,1.083,5.754,success
1664,000000189820,256,256,12,0.571,3.510,success
1665,000000189828,256,256,2,0.788,3.986,success
1666,000000190007,256,256,4,0.660,3.120,success
1667,000000190140,256,256,9,0.872,3.347,success
1668,000000190236,256,256,19,0.654,3.225,success
1669,000000190307,256,256,9,0.653,3.707,success
1670,000000190637,256,256,12,0.916,3.999,success
1671,000000190648,256,256,3,0.593,2.827,success
1672,000000190676,256,256,13,0.676,3.352,success
1673,000000190753,256,256,9,0.877,3.721,success
1674,000000190756,256,256,5,0.822,3.859,success
1675,000000190841,256,256,5,1.126,4.183,success
1676,000000190853,256,256,4,0.513,2.924,success
1677,000000190923,256,256,17,0.591,2.542,success
1678,000000191013,256,256,12,0.638,3.619,success
1679,000000191288,256,256,18,0.650,5.799,success
1680,000000191471,256,256,9,0.757,3.554,success
1681,000000191580,256,256,6,0.632,3.102,success
1682,000000191614,256,256,6,0.583,5.057,success
1683,000000191672,256,256,3,0.858,3.528,success
1684,000000191761,256,256,11,0.722,3.063,success
1685,000000191845,256,256,30,0.547,4.010,success
1686,000000192047,256,256,4,0.824,3.174,success
1687,000000192191,256,256,13,0.586,3.012,success
1688,000000192607,256,256,13,0.554,2.659,success
1689,000000192670,256,256,9,0.797,3.350,success
1690,000000192699,256,256,25,0.841,3.335,success
1691,000000192716,256,256,15,0.625,6.140,success
1692,000000192871,256,256,8,0.616,3.038,success
1693,000000192904,256,256,7,0.610,3.134,success
1694,000000192964,256,256,4,0.663,4.996,success
1695,000000193162,256,256,11,0.600,3.128,success
1696,000000193181,256,256,18,0.611,3.186,success
1697,000000193245,256,256,8,0.717,5.548,success
1698,000000193348,256,256,5,0.645,3.520,success
1699,000000193429,256,256,5,0.758,7.225,success
1700,000000193494,256,256,8,0.547,2.891,success
1701,000000193674,256,256,5,0.901,3.361,success
1702,000000193717,256,256,3,1.021,2.939,success
1703,000000193743,256,256,6,0.559,2.570,success
1704,000000193884,256,256,4,0.581,3.051,success
1705,000000193926,256,256,18,0.644,2.896,success
1706,000000194216,256,256,13,0.689,2.510,success
1707,000000194471,256,256,7,0.912,3.563,success
1708,000000194506,256,256,23,0.674,3.337,success
1709,000000194716,256,256,15,0.813,5.860,success
1710,000000194724,256,256,14,0.886,3.247,success
1711,000000194746,256,256,8,0.594,2.347,success
1712,000000194832,256,256,11,0.674,5.613,success
1713,000000194875,256,256,6,0.625,2.686,success
1714,000000194940,256,256,3,0.651,2.991,success
1715,000000195045,256,256,8,0.639,3.588,success
1716,000000195165,256,256,13,0.626,2.901,success
1717,000000195754,256,256,7,0.862,3.067,success
1718,000000195842,256,256,14,0.773,5.126,success
1719,000000195918,256,256,7,0.816,3.153,success
1720,000000196009,256,256,7,0.591,3.000,success
1721,000000196141,256,256,6,0.586,4.561,success
1722,000000196185,256,256,3,0.611,3.168,success
1723,000000196442,256,256,1,0.593,3.868,success
1724,000000196754,256,256,11,0.766,12.574,success
1725,000000196759,256,256,3,0.823,3.056,success
1726,000000196843,256,256,17,0.839,3.436,success
1727,000000197004,256,256,3,0.823,3.592,success
1728,000000197022,256,256,28,0.625,4.028,success
1729,000000197388,256,256,5,0.827,3.472,success
1730,000000197528,256,256,14,0.530,2.968,success
1731,000000197658,256,256,8,0.640,4.737,success
1732,000000197796,256,256,6,0.641,3.032,success
1733,000000197870,256,256,15,0.587,2.435,success
1734,000000198489,256,256,5,0.593,3.776,success
1735,000000198510,256,256,6,0.755,3.348,success
1736,000000198641,256,256,4,0.882,3.228,success
1737,000000198805,256,256,6,0.558,2.879,success
1738,000000198915,256,256,20,0.548,2.154,success
1739,000000198928,256,256,2,0.710,3.122,success
1740,000000198960,256,256,20,0.606,2.627,success
1741,000000199055,256,256,15,0.604,3.231,success
1742,000000199236,256,256,16,0.660,2.669,success
1743,000000199310,256,256,10,0.626,2.624,success
1744,000000199395,256,256,3,0.597,2.848,success
1745,000000199442,256,256,3,0.598,3.341,success
1746,000000199551,256,256,5,0.593,2.913,success
1747,000000199681,256,256,4,0.666,5.709,success
1748,000000199771,256,256,16,0.646,3.150,success
1749,000000199977,256,256,2,0.600,3.203,success
1750,000000200152,256,256,4,0.607,2.350,success
1751,000000200162,256,256,8,0.568,2.045,success
1752,000000200252,256,256,4,1.112,3.566,success
1753,000000200421,256,256,10,0.834,2.863,success
1754,000000200667,256,256,11,0.580,2.826,success
1755,000000200839,256,256,12,0.612,3.287,success
1756,000000200961,256,256,8,0.612,3.562,success
1757,000000201025,256,256,0,1.019,3.530,success
1758,000000201072,256,256,1,0.880,3.867,success
1759,000000201148,256,256,12,0.803,3.181,success
1760,000000201418,256,256,6,0.648,2.476,success
1761,000000201426,256,256,11,0.575,3.102,success
1762,000000201646,256,256,6,0.805,2.764,success
1763,000000201676,256,256,6,0.532,2.852,success
1764,000000201775,256,256,16,0.613,2.872,success
1765,000000201934,256,256,7,0.695,2.844,success
1766,000000202001,256,256,4,0.547,4.564,success
1767,000000202228,256,256,2,0.648,3.234,success
1768,000000202339,256,256,24,0.860,3.149,success
1769,000000202445,256,256,3,0.584,5.859,success
1770,000000203095,256,256,3,0.623,3.646,success
1771,000000203294,256,256,7,0.595,2.652,success
1772,000000203317,256,256,16,0.592,2.885,success
1773,000000203389,256,256,17,0.548,8.448,success
1774,000000203488,256,256,2,0.595,2.566,success
1775,000000203546,256,256,15,0.588,2.672,success
1776,000000203580,256,256,12,0.610,2.981,success
1777,000000203629,256,256,10,0.594,2.507,success
1778,000000203639,256,256,9,0.560,2.978,success
1779,000000203864,256,256,16,0.824,3.031,success
1780,000000203931,256,256,31,0.865,3.114,success
1781,000000204186,256,256,16,0.555,2.695,success
1782,000000204329,256,256,2,0.866,3.527,success
1783,000000204871,256,256,24,0.713,3.261,success
1784,000000205105,256,256,2,0.529,3.092,success
1785,000000205282,256,256,6,0.558,3.064,success
1786,000000205289,256,256,5,0.678,3.511,success
1787,000000205324,256,256,20,0.564,4.136,success
1788,000000205333,256,256,3,0.633,2.951,success
1789,000000205401,256,256,7,0.535,3.235,success
1790,000000205514,256,256,3,0.621,3.349,success
1791,000000205542,256,256,10,0.606,2.388,success
1792,000000205647,256,256,9,0.815,3.810,success
1793,000000205776,256,256,7,0.595,2.420,success
1794,000000205834,256,256,15,0.510,2.802,success
1795,000000206025,256,256,8,0.601,2.629,success
1796,000000206027,256,256,10,0.551,2.872,success
1797,000000206135,256,256,13,0.551,5.724,success
1798,000000206218,256,256,14,0.813,3.015,success
1799,000000206271,256,256,2,0.628,3.544,success
1800,000000206411,256,256,8,0.584,4.338,success
1801,000000206487,256,256,14,0.621,3.184,success
1802,000000206579,256,256,1,0.782,2.946,success
1803,000000206831,256,256,10,0.525,3.989,success
1804,000000206838,256,256,10,0.611,2.643,success
1805,000000206994,256,256,8,0.847,3.321,success
1806,000000207306,256,256,8,0.698,2.697,success
1807,000000207538,256,256,2,0.529,2.478,success
1808,000000207585,256,256,7,0.556,3.144,success
1809,000000207728,256,256,4,0.528,3.334,success
1810,000000207844,256,256,13,0.813,2.865,success
1811,000000208208,256,256,12,0.614,2.450,success
1812,000000208363,256,256,23,0.779,3.415,success
1813,000000208423,256,256,7,0.665,6.294,success
1814,000000208901,256,256,1,0.627,3.062,success
1815,000000209142,256,256,17,0.588,3.320,success
1816,000000209222,256,256,9,0.845,3.825,success
1817,000000209530,256,256,8,0.796,2.855,success
1818,000000209613,256,256,5,0.624,2.666,success
1819,000000209747,256,256,6,0.541,5.452,success
1820,000000209753,256,256,6,0.598,2.542,success
1821,000000209757,256,256,12,0.613,2.692,success
1822,000000209829,256,256,7,0.820,2.762,success
1823,000000209972,256,256,1,0.855,3.614,success
1824,000000210030,256,256,8,0.514,6.865,success
1825,000000210032,256,256,14,0.599,3.074,success
1826,000000210099,256,256,23,0.605,2.839,success
1827,000000210230,256,256,11,0.607,5.327,success
1828,000000210273,256,256,6,0.792,3.301,success
1829,000000210299,256,256,2,0.654,5.121,success
1830,000000210388,256,256,4,0.825,3.461,success
1831,000000210394,256,256,7,0.624,2.897,success
1832,000000210502,256,256,6,0.754,3.556,success
1833,000000210520,256,256,22,0.753,2.602,success
1834,000000210708,256,256,8,0.617,3.008,success
1835,000000210789,256,256,10,0.637,3.127,success
1836,000000210855,256,256,7,0.767,3.152,success
1837,000000210915,256,256,3,0.635,4.055,success
1838,000000211042,256,256,14,0.697,3.161,success
1839,000000211069,256,256,8,0.913,2.924,success
1840,000000211120,256,256,12,0.823,3.680,success
1841,000000211674,256,256,8,0.645,4.353,success
1842,000000211825,256,256,8,0.688,3.466,success
1843,000000212072,256,256,11,1.215,4.411,success
1844,000000212166,256,256,4,0.642,3.518,success
1845,000000212226,256,256,11,1.153,3.860,success
1846,000000212453,256,256,2,0.863,3.334,success
1847,000000212559,256,256,21,0.777,4.937,success
1848,000000212573,256,256,16,0.933,3.965,success
1849,000000212800,256,256,15,0.588,3.060,success
1850,000000212895,256,256,2,2.041,4.837,success
1851,000000213033,256,256,2,0.632,2.856,success
1852,000000213035,256,256,4,0.707,3.411,success
1853,000000213086,256,256,9,0.732,2.942,success
1854,000000213171,256,256,4,0.653,3.665,success
1855,000000213224,256,256,16,0.635,2.673,success
1856,000000213255,256,256,12,0.766,3.408,success
1857,000000213422,256,256,13,0.614,2.778,success
1858,000000213445,256,256,21,0.631,3.348,success
1859,000000213547,256,256,16,0.627,2.946,success
1860,000000213593,256,256,2,0.611,2.795,success
1861,000000213605,256,256,12,0.599,5.781,success
1862,000000213816,256,256,14,0.601,3.557,success
1863,000000213830,256,256,10,0.718,4.759,success
1864,000000213935,256,256,7,0.654,3.477,success
1865,000000214192,256,256,16,0.616,3.016,success
1866,000000214200,256,256,8,0.673,3.452,success
1867,000000214205,256,256,1,0.640,3.812,success
1868,000000214224,256,256,5,0.860,3.438,success
1869,000000214539,256,256,12,0.670,6.085,success
1870,000000214703,256,256,24,0.748,3.579,success
1871,000000214720,256,256,15,0.729,3.402,success
1872,000000214753,256,256,3,1.568,4.984,success
1873,000000214869,256,256,21,1.021,3.045,success
1874,000000215072,256,256,16,0.623,3.281,success
1875,000000215114,256,256,5,0.648,3.584,success
1876,000000215245,256,256,8,1.057,3.835,success
1877,000000215259,256,256,6,1.008,4.151,success
1878,000000215644,256,256,6,0.691,3.216,success
1879,000000215723,256,256,15,0.737,3.785,success
1880,000000215778,256,256,11,0.765,3.871,success
1881,000000216277,256,256,7,0.957,3.716,success
1882,000000216296,256,256,4,0.716,4.142,success
1883,000000216419,256,256,18,0.713,4.453,success
1884,000000216497,256,256,5,0.848,3.774,success
1885,000000216516,256,256,10,0.930,16.820,success
1886,000000216636,256,256,2,0.614,3.003,success
1887,000000216739,256,256,3,1.200,4.278,success
1888,000000217060,256,256,5,0.713,3.191,success
1889,000000217219,256,256,11,0.946,5.807,success
1890,000000217285,256,256,28,0.956,4.080,success
1891,000000217400,256,256,6,0.752,3.209,success
1892,000000217425,256,256,14,0.816,3.436,success
1893,000000217614,256,256,12,0.801,5.402,success
1894,000000217753,256,256,38,0.799,3.500,success
1895,000000217872,256,256,2,0.613,2.386,success
1896,000000217948,256,256,1,0.999,3.480,success
1897,000000217957,256,256,16,0.700,2.838,success
1898,000000218091,256,256,5,1.037,8.710,success
1899,000000218249,256,256,7,1.805,6.630,success
1900,000000218362,256,256,6,0.922,5.244,success
1901,000000218424,256,256,30,1.169,13.977,success
1902,000000218439,256,256,10,1.044,4.912,success
1903,000000218997,256,256,9,0.854,4.132,success
1904,000000219271,256,256,16,1.190,5.171,success
1905,000000219283,256,256,4,1.157,4.381,success
1906,000000219440,256,256,5,1.486,4.711,success
1907,000000219485,256,256,12,0.815,5.560,success
1908,000000219578,256,256,6,0.734,4.357,success
1909,000000220310,256,256,13,0.969,3.754,success
1910,000000220584,256,256,1,0.879,4.425,success
1911,000000220732,256,256,16,0.890,4.145,success
1912,000000220764,256,256,1,0.586,3.984,success
1913,000000220858,256,256,6,0.911,3.427,success
1914,000000221017,256,256,2,1.488,4.016,success
1915,000000221155,256,256,27,0.577,3.527,success
1916,000000221213,256,256,13,0.864,6.592,success
1917,000000221281,256,256,17,1.306,3.709,success
1918,000000221291,256,256,3,0.805,5.126,success
1919,000000221502,256,256,5,1.933,5.457,success
1920,000000221693,256,256,14,1.934,5.022,success
1921,000000221708,256,256,9,0.990,3.954,success
1922,000000221754,256,256,7,0.687,4.124,success
1923,000000221872,256,256,11,0.901,4.650,success
1924,000000222094,256,256,8,0.723,8.644,success
1925,000000222118,256,256,3,0.902,5.066,success
1926,000000222235,256,256,31,1.113,6.811,success
1927,000000222299,256,256,13,0.654,3.187,success
1928,000000222317,256,256,9,0.642,2.991,success
1929,000000222455,256,256,4,0.909,4.204,success
1930,000000222458,256,256,18,0.632,4.063,success
1931,000000222559,256,256,3,0.772,4.190,success
1932,000000222735,256,256,5,0.798,5.502,success
1933,000000222825,256,256,4,1.215,4.568,success
1934,000000222863,256,256,17,0.991,3.480,success
1935,000000222991,256,256,2,0.663,3.922,success
1936,000000223090,256,256,9,0.693,3.129,success
1937,000000223130,256,256,9,0.583,3.378,success
1938,000000223182,256,256,31,0.710,3.344,success
1939,000000223188,256,256,11,1.617,3.818,success
1940,000000223738,256,256,20,0.620,3.894,success
1941,000000223747,256,256,3,0.983,3.563,success
1942,000000223789,256,256,3,0.874,3.737,success
1943,000000223955,256,256,4,1.039,2.850,success
1944,000000223959,256,256,2,0.956,6.380,success
1945,000000224051,256,256,6,0.809,5.101,success
1946,000000224093,256,256,2,0.804,3.138,success
1947,000000224119,256,256,8,0.868,3.130,success
1948,000000224200,256,256,8,0.630,2.967,success
1949,000000224222,256,256,5,0.698,3.497,success
1950,000000224337,256,256,8,0.869,2.872,success
1951,000000224664,256,256,2,0.579,3.246,success
1952,000000224675,256,256,9,0.658,3.139,success
1953,000000224724,256,256,10,0.608,2.783,success
1954,000000224807,256,256,10,0.626,2.975,success
1955,000000225184,256,256,4,0.831,2.695,success
1956,000000225405,256,256,13,0.716,3.477,success
1957,000000225532,256,256,4,0.691,6.538,success
1958,000000225670,256,256,16,0.603,3.528,success
1959,000000225757,256,256,7,0.551,5.904,success
1960,000000225946,256,256,3,0.811,3.465,success
1961,000000226058,256,256,8,0.613,2.734,success
1962,000000226111,256,256,11,0.536,2.929,success
1963,000000226130,256,256,9,0.544,2.972,success
1964,000000226147,256,256,10,0.638,4.689,success
1965,000000226154,256,256,4,0.617,2.713,success
1966,000000226171,256,256,4,0.595,3.100,success
1967,000000226408,256,256,10,0.650,5.277,success
1968,000000226417,256,256,20,0.562,3.237,success
1969,000000226592,256,256,19,0.642,3.169,success
1970,000000226662,256,256,16,0.555,2.149,success
1971,000000226802,256,256,1,0.600,2.968,success
1972,000000226883,256,256,10,1.083,4.202,success
1973,000000226903,256,256,18,0.571,3.110,success
1974,000000226984,256,256,11,0.713,3.130,success
1975,000000227044,256,256,3,0.865,4.502,success
1976,000000227187,256,256,22,1.240,3.711,success
1977,000000227399,256,256,14,1.119,3.118,success
1978,000000227478,256,256,10,0.596,3.122,success
1979,000000227482,256,256,5,0.694,3.106,success
1980,000000227491,256,256,11,0.768,3.405,success
1981,000000227511,256,256,18,0.710,3.382,success
1982,000000227686,256,256,17,0.813,2.780,success
1983,000000227765,256,256,25,0.598,2.951,success
1984,000000227898,256,256,16,0.605,3.170,success
1985,000000227985,256,256,14,0.618,3.066,success
1986,000000228144,256,256,9,0.635,5.030,success
1987,000000228214,256,256,23,0.633,2.537,success
1988,000000228436,256,256,12,0.655,2.717,success
1989,000000228771,256,256,7,0.545,2.606,success
1990,000000228942,256,256,6,0.651,3.217,success
1991,000000228981,256,256,1,0.724,3.206,success
1992,000000229111,256,256,8,0.612,2.466,success
1993,000000229216,256,256,7,0.735,3.141,success
1994,000000229221,256,256,14,0.988,6.151,success
1995,000000229311,256,256,10,0.612,3.413,success
1996,000000229358,256,256,8,1.454,5.216,success
1997,000000229553,256,256,6,0.877,4.448,success
1998,000000229601,256,256,14,1.058,4.000,success
1999,000000229659,256,256,14,0.819,3.585,success
2000,000000229747,256,256,0,0.922,3.502,success
2001,000000229753,256,256,7,0.777,3.167,success
2002,000000229849,256,256,46,0.564,3.104,success
2003,000000229858,256,256,19,0.596,3.453,success
2004,000000229948,256,256,19,1.114,6.214,success
2005,000000229997,256,256,17,0.633,3.635,success
2006,000000230008,256,256,20,0.890,3.902,success
2007,000000230166,256,256,8,0.743,3.376,success
2008,000000230362,256,256,7,0.684,3.597,success
2009,000000230450,256,256,5,0.654,3.174,success
2010,000000230819,256,256,2,0.971,3.883,success
2011,000000230983,256,256,4,0.740,3.851,success
2012,000000230993,256,256,7,0.680,5.855,success
2013,000000231088,256,256,10,0.616,3.328,success
2014,000000231097,256,256,0,0.958,3.164,success
2015,000000231125,256,256,16,0.563,3.218,success
2016,000000231169,256,256,13,0.564,2.859,success
2017,000000231237,256,256,9,0.656,4.226,success
2018,000000231339,256,256,5,0.946,2.800,success
2019,000000231508,256,256,27,0.609,2.531,success
2020,000000231527,256,256,4,0.667,4.375,success
2021,000000231549,256,256,6,0.849,3.281,success
2022,000000231580,256,256,14,0.602,2.737,success
2023,000000231747,256,256,13,0.596,2.619,success
2024,000000231822,256,256,6,0.580,2.976,success
2025,000000231831,256,256,9,0.662,3.022,success
2026,000000231879,256,256,10,0.659,5.855,success
2027,000000232088,256,256,6,0.593,3.094,success
2028,000000232244,256,256,21,0.663,3.082,success
2029,000000232348,256,256,10,0.666,4.072,success
2030,000000232489,256,256,5,0.572,3.287,success
2031,000000232538,256,256,4,0.626,3.463,success
2032,000000232563,256,256,4,0.677,3.787,success
2033,000000232646,256,256,5,0.868,3.675,success
2034,000000232649,256,256,3,0.642,6.591,success
2035,000000232684,256,256,3,0.655,2.893,success
2036,000000232692,256,256,6,0.808,2.934,success
2037,000000233033,256,256,12,0.643,4.174,success
2038,000000233139,256,256,7,0.617,2.442,success
2039,000000233238,256,256,12,1.149,3.427,success
2040,000000233370,256,256,6,0.600,4.528,success
2041,000000233567,256,256,6,0.683,3.259,success
2042,000000233727,256,256,20,0.546,3.133,success
2043,000000233771,256,256,16,0.622,3.682,success
2044,000000233825,256,256,7,0.581,2.939,success
2045,000000234366,256,256,9,0.821,3.372,success
2046,000000234413,256,256,6,0.689,4.481,success
2047,000000234526,256,256,18,0.542,2.935,success
2048,000000234607,256,256,9,0.706,3.448,success
2049,000000234660,256,256,11,0.634,2.966,success
2050,000000234757,256,256,2,0.598,3.618,success
2051,000000234779,256,256,6,0.593,2.733,success
2052,000000234807,256,256,0,0.646,3.363,success
2053,000000235057,256,256,8,0.606,2.482,success
2054,000000235064,256,256,21,0.605,3.222,success
2055,000000235241,256,256,6,0.667,4.866,success
2056,000000235252,256,256,21,0.584,3.239,success
2057,000000235399,256,256,5,0.647,2.868,success
2058,000000235778,256,256,12,0.781,2.855,success
2059,000000235784,256,256,3,0.737,3.734,success
2060,000000235836,256,256,23,0.924,3.417,success
2061,000000235857,256,256,14,0.712,3.693,success
2062,000000236166,256,256,11,0.594,3.088,success
2063,000000236308,256,256,4,1.154,4.219,success
2064,000000236412,256,256,10,0.794,12.710,success
2065,000000236426,256,256,13,0.706,3.327,success
2066,000000236592,256,256,3,0.592,2.543,success
2067,000000236599,256,256,2,0.753,5.585,success
2068,000000236690,256,256,5,0.876,3.341,success
2069,000000236721,256,256,10,0.607,3.439,success
2070,000000236730,256,256,17,1.080,3.833,success
2071,000000236784,256,256,4,1.518,4.314,success
2072,000000236845,256,256,16,0.674,3.348,success
2073,000000236914,256,256,4,1.129,3.553,success
2074,000000237071,256,256,8,0.930,2.996,success
2075,000000237118,256,256,5,1.462,3.946,success
2076,000000237316,256,256,1,0.846,4.663,success
2077,000000237517,256,256,14,1.273,3.786,success
2078,000000237864,256,256,6,0.745,3.672,success
2079,000000237928,256,256,6,1.513,6.772,success
2080,000000237984,256,256,2,0.710,3.050,success
2081,000000238013,256,256,13,0.681,5.164,success
2082,000000238039,256,256,9,1.166,4.135,success
2083,000000238410,256,256,16,0.715,3.342,success
2084,000000238866,256,256,3,1.538,5.265,success
2085,000000239041,256,256,7,1.151,4.243,success
2086,000000239274,256,256,11,0.700,3.591,success
2087,000000239318,256,256,3,0.748,5.804,success
2088,000000239347,256,256,7,0.690,3.726,success
2089,000000239537,256,256,13,0.638,3.173,success
2090,000000239627,256,256,4,0.555,3.204,success
2091,000000239717,256,256,22,0.771,2.840,success
2092,000000239773,256,256,11,0.658,4.662,success
2093,000000239843,256,256,13,0.705,3.980,success
2094,000000239857,256,256,4,0.682,10.292,success
2095,000000240023,256,256,6,1.371,4.549,success
2096,000000240049,256,256,9,0.697,3.866,success
2097,000000240250,256,256,8,0.880,3.883,success
2098,000000240754,256,256,19,0.667,3.384,success
2099,000000240767,256,256,9,1.043,3.831,success
2100,000000240940,256,256,12,1.096,4.020,success
2101,000000241297,256,256,13,0.695,3.261,success
2102,000000241319,256,256,9,0.962,3.930,success
2103,000000241326,256,256,6,0.922,4.282,success
2104,000000241602,256,256,3,1.048,3.689,success
2105,000000241668,256,256,10,0.909,3.811,success
2106,000000241677,256,256,12,0.748,3.457,success
2107,000000242060,256,256,13,1.015,4.123,success
2108,000000242287,256,256,10,0.987,3.978,success
2109,000000242411,256,256,11,1.017,4.346,success
2110,000000242678,256,256,11,0.775,6.427,success
2111,000000242724,256,256,7,0.726,3.772,success
2112,000000242934,256,256,12,0.692,2.974,success
2113,000000242946,256,256,15,0.667,2.914,success
2114,000000243034,256,256,10,0.831,3.132,success
2115,000000243075,256,256,5,0.971,7.145,success
2116,000000243148,256,256,4,0.877,3.898,success
2117,000000243199,256,256,18,0.992,3.467,success
2118,000000243204,256,256,5,0.802,3.229,success
2119,000000243344,256,256,5,0.827,3.301,success
2120,000000243495,256,256,2,0.797,6.427,success
2121,000000243626,256,256,6,0.649,3.556,success
2122,000000243867,256,256,3,0.773,3.637,success
2123,000000243989,256,256,3,0.956,4.073,success
2124,000000244019,256,256,11,0.621,9.501,success
2125,000000244099,256,256,1,0.837,3.316,success
2126,000000244181,256,256,7,0.683,3.390,success
2127,000000244379,256,256,2,0.616,3.254,success
2128,000000244411,256,256,1,0.569,2.434,success
2129,000000244496,256,256,6,0.649,3.137,success
2130,000000244592,256,256,19,1.059,5.493,success
2131,000000244750,256,256,10,0.647,3.030,success
2132,000000244833,256,256,18,0.651,3.400,success
2133,000000245026,256,256,8,0.622,2.972,success
2134,000000245102,256,256,11,0.675,3.378,success
2135,000000245173,256,256,11,0.735,3.382,success
2136,000000245311,256,256,8,0.553,3.234,success
2137,000000245320,256,256,3,0.735,3.934,success
2138,000000245448,256,256,18,0.751,6.681,success
2139,000000245513,256,256,10,0.635,2.907,success
2140,000000245576,256,256,7,0.663,3.217,success
2141,000000245651,256,256,2,0.868,3.475,success
2142,000000245764,256,256,3,0.753,4.094,success
2143,000000245915,256,256,22,0.838,5.786,success
2144,000000246308,256,256,13,0.938,3.498,success
2145,000000246436,256,256,13,0.630,4.097,success
2146,000000246454,256,256,8,0.671,3.549,success
2147,000000246522,256,256,6,0.608,3.353,success
2148,000000246883,256,256,3,0.710,3.868,success
2149,000000246963,256,256,11,0.634,2.887,success
2150,000000246968,256,256,14,0.687,3.242,success
2151,000000247806,256,256,1,0.797,3.159,success
2152,000000247838,256,256,2,0.699,3.359,success
2153,000000247917,256,256,10,0.601,2.850,success
2154,000000248111,256,256,12,0.624,3.334,success
2155,000000248112,256,256,1,0.622,2.918,success
2156,000000248284,256,256,6,1.362,14.481,success
2157,000000248314,256,256,6,0.591,3.008,success
2158,000000248334,256,256,10,0.908,3.289,success
2159,000000248400,256,256,6,0.620,2.806,success
2160,000000248616,256,256,27,0.623,2.631,success
2161,000000248631,256,256,3,0.584,3.343,success
2162,000000248752,256,256,2,0.670,2.898,success
2163,000000248810,256,256,23,0.711,2.892,success
2164,000000248980,256,256,27,0.855,3.681,success
2165,000000249025,256,256,2,0.609,3.303,success
2166,000000249129,256,256,17,0.672,2.989,success
2167,000000249180,256,256,15,0.640,3.216,success
2168,000000249219,256,256,15,0.681,3.200,success
2169,000000249550,256,256,9,0.547,3.174,success
2170,000000249643,256,256,16,0.589,3.139,success
2171,000000249786,256,256,2,0.612,2.899,success
2172,000000250127,256,256,6,0.566,3.064,success
2173,000000250137,256,256,17,0.657,3.031,success
2174,000000250205,256,256,17,0.879,3.559,success
2175,000000250282,256,256,33,0.645,2.973,success
2176,000000250619,256,256,3,0.611,3.225,success
2177,000000250758,256,256,21,0.638,3.015,success
2178,000000250766,256,256,15,0.561,4.621,success
2179,000000250901,256,256,9,0.667,2.817,success
2180,000000251065,256,256,4,0.608,2.798,success
2181,000000251119,256,256,15,0.657,5.498,success
2182,000000251140,256,256,17,0.731,3.435,success
2183,000000251537,256,256,10,0.919,3.164,success
2184,000000251572,256,256,5,0.590,2.432,success
2185,000000251824,256,256,15,0.825,3.050,success
2186,000000252216,256,256,5,0.611,2.893,success
2187,000000252219,256,256,16,0.605,2.959,success
2188,000000252294,256,256,11,1.057,3.074,success
2189,000000252332,256,256,7,1.221,3.518,success
2190,000000252507,256,256,4,0.588,2.612,success
2191,000000252559,256,256,11,1.091,3.523,success
2192,000000252701,256,256,2,0.859,3.928,success
2193,000000252716,256,256,4,0.807,3.309,success
2194,000000252776,256,256,7,0.744,3.371,success
2195,000000253002,256,256,11,0.656,5.806,success
2196,000000253386,256,256,7,0.606,2.744,success
2197,000000253433,256,256,20,1.019,3.438,success
2198,000000253452,256,256,9,1.369,4.261,success
2199,000000253695,256,256,7,1.235,16.332,success
2200,000000253742,256,256,19,0.842,3.434,success
2201,000000253819,256,256,3,1.191,7.404,success
2202,000000253835,256,256,9,0.847,3.985,success
2203,000000254016,256,256,18,1.659,4.288,success
2204,000000254368,256,256,6,0.632,3.941,success
2205,000000254516,256,256,19,0.950,3.283,success
2206,000000254814,256,256,17,0.688,3.533,success
2207,000000255165,256,256,4,0.853,3.274,success
2208,000000255401,256,256,5,0.831,3.541,success
2209,000000255483,256,256,3,0.998,4.346,success
2210,000000255536,256,256,7,0.745,3.460,success
2211,000000255664,256,256,12,0.888,3.848,success
2212,000000255718,256,256,15,0.640,6.126,success
2213,000000255747,256,256,11,1.268,3.931,success
2214,000000255749,256,256,4,0.745,3.844,success
2215,000000255824,256,256,3,0.794,3.921,success
2216,000000255912,256,256,11,1.135,3.837,success
2217,000000255917,256,256,8,0.737,3.324,success
2218,000000255965,256,256,6,0.701,2.909,success
2219,000000256192,256,256,16,1.017,4.037,success
2220,000000256195,256,256,10,1.809,5.093,success
2221,000000256407,256,256,6,1.044,3.863,success
2222,000000256518,256,256,11,1.100,4.080,success
2223,000000256775,256,256,1,1.102,3.866,success
2224,000000256868,256,256,16,0.597,3.087,success
2225,000000256916,256,256,30,1.196,3.389,success
2226,000000256941,256,256,6,0.689,2.740,success
2227,000000257084,256,256,17,0.813,3.681,success
2228,000000257169,256,256,3,0.667,3.545,success
2229,000000257370,256,256,5,0.861,3.599,success
2230,000000257478,256,256,4,0.975,5.287,success
2231,000000257566,256,256,4,1.018,3.446,success
2232,000000257624,256,256,13,1.056,3.162,success
2233,000000257865,256,256,3,0.622,2.407,success
2234,000000257896,256,256,11,0.802,3.345,success
2235,000000258388,256,256,4,0.826,2.797,success
2236,000000258541,256,256,2,0.632,2.688,success
2237,000000258793,256,256,1,0.780,3.295,success
2238,000000258883,256,256,7,0.706,6.559,success
2239,000000258911,256,256,15,0.823,4.219,success
2240,000000259097,256,256,3,1.296,3.934,success
2241,000000259382,256,256,3,0.573,2.552,success
2242,000000259571,256,256,9,0.611,2.553,success
2243,000000259597,256,256,4,0.589,5.158,success
2244,000000259625,256,256,15,0.992,3.777,success
2245,000000259640,256,256,5,0.582,2.942,success
2246,000000259690,256,256,24,0.683,3.158,success
2247,000000259830,256,256,17,0.886,3.601,success
2248,000000259854,256,256,1,1.099,3.733,success
2249,000000260105,256,256,14,0.669,3.027,success
2250,000000260106,256,256,19,2.280,4.991,success
2251,000000260261,256,256,22,0.753,3.719,success
2252,000000260266,256,256,5,1.393,6.482,success
2253,000000260470,256,256,15,1.543,3.964,success
2254,000000260657,256,256,4,0.581,3.183,success
2255,000000260925,256,256,9,0.995,3.582,success
2256,000000261036,256,256,2,0.806,6.551,success
2257,000000261061,256,256,17,0.685,3.583,success
2258,000000261097,256,256,16,0.626,4.445,success
2259,000000261116,256,256,10,1.129,3.532,success
2260,000000261161,256,256,12,0.581,3.115,success
2261,000000261318,256,256,14,0.976,3.739,success
2262,000000261535,256,256,10,0.598,2.858,success
2263,000000261706,256,256,7,0.692,4.687,success
2264,000000261712,256,256,11,0.649,2.971,success
2265,000000261732,256,256,22,0.551,2.751,success
2266,000000261796,256,256,13,0.584,4.600,success
2267,000000261888,256,256,3,0.637,3.161,success
2268,000000261982,256,256,12,1.925,4.728,success
2269,000000262048,256,256,4,1.064,3.552,success
2270,000000262227,256,256,6,0.606,3.113,success
2271,000000262440,256,256,6,0.728,5.746,success
2272,000000262487,256,256,14,0.598,2.951,success
2273,000000262587,256,256,4,1.016,3.503,success
2274,000000262631,256,256,9,0.684,2.684,success
2275,000000262682,256,256,6,1.287,3.722,success
2276,000000262895,256,256,5,0.793,2.695,success
2277,000000262938,256,256,6,1.005,3.838,success
2278,000000263068,256,256,2,0.688,3.342,success
2279,000000263299,256,256,2,0.816,2.926,success
2280,000000263403,256,256,2,0.643,3.517,success
2281,000000263425,256,256,16,0.679,3.237,success
2282,000000263463,256,256,12,0.810,3.701,success
2283,000000263474,256,256,6,0.640,3.521,success
2284,000000263594,256,256,14,0.659,3.509,success
2285,000000263644,256,256,8,0.821,5.088,success
2286,000000263679,256,256,4,0.615,3.419,success
2287,000000263796,256,256,14,0.781,3.103,success
2288,000000263860,256,256,10,0.607,3.107,success
2289,000000263966,256,256,9,0.581,4.117,success
2290,000000263969,256,256,15,0.999,3.316,success
2291,000000264335,256,256,2,0.620,3.414,success
2292,000000264441,256,256,7,0.556,2.497,success
2293,000000264535,256,256,27,0.587,2.861,success
2294,000000264968,256,256,14,0.644,3.208,success
2295,000000265108,256,256,16,0.622,2.768,success
2296,000000265518,256,256,12,0.893,3.593,success
2297,000000265777,256,256,9,0.784,7.380,success
2298,000000265816,256,256,11,0.838,3.390,success
2299,000000266082,256,256,5,0.613,2.752,success
2300,000000266206,256,256,9,0.625,2.682,success
2301,000000266400,256,256,21,0.855,3.288,success
2302,000000266409,256,256,6,0.556,3.362,success
2303,000000266768,256,256,15,0.633,3.003,success
2304,000000266892,256,256,7,0.977,3.445,success
2305,000000266981,256,256,16,0.758,3.077,success
2306,000000267169,256,256,13,1.014,3.228,success
2307,000000267191,256,256,9,0.594,3.479,success
2308,000000267300,256,256,13,1.134,3.131,success
2309,000000267351,256,256,4,0.711,3.834,success
2310,000000267434,256,256,8,0.725,2.832,success
2311,000000267537,256,256,21,0.851,3.128,success
2312,000000267670,256,256,2,0.824,3.027,success
2313,000000267903,256,256,13,0.655,2.377,success
2314,000000267933,256,256,4,1.069,3.507,success
2315,000000267940,256,256,2,0.727,6.417,success
2316,000000267946,256,256,25,0.596,3.256,success
2317,000000268000,256,256,16,0.845,3.295,success
2318,000000268375,256,256,14,1.111,3.086,success
2319,000000268378,256,256,23,1.009,3.723,success
2320,000000268729,256,256,16,1.243,4.036,success
2321,000000268831,256,256,5,0.961,4.900,success
2322,000000268996,256,256,7,0.629,3.765,success
2323,000000269113,256,256,18,1.011,5.329,success
2324,000000269121,256,256,4,0.853,3.717,success
2325,000000269196,256,256,10,0.628,2.880,success
2326,000000269314,256,256,19,0.794,3.490,success
2327,000000269316,256,256,7,0.606,2.492,success
2328,000000269632,256,256,5,0.693,3.008,success
2329,000000269682,256,256,1,1.273,4.176,success
2330,000000269866,256,256,1,1.052,3.442,success
2331,000000269932,256,256,9,0.640,2.704,success
2332,000000269942,256,256,2,0.598,3.101,success
2333,000000270066,256,256,13,0.591,2.906,success
2334,000000270122,256,256,7,0.628,3.352,success
2335,000000270244,256,256,7,0.718,3.134,success
2336,000000270297,256,256,24,0.706,6.280,success
2337,000000270386,256,256,8,0.633,3.129,success
2338,000000270402,256,256,7,0.587,3.128,success
2339,000000270474,256,256,15,0.660,3.539,success
2340,000000270677,256,256,17,0.628,2.822,success
2341,000000270705,256,256,5,0.618,3.379,success
2342,000000270883,256,256,4,0.785,3.382,success
2343,000000270908,256,256,6,0.627,2.834,success
2344,000000271116,256,256,11,0.616,3.103,success
2345,000000271402,256,256,19,0.625,3.314,success
2346,000000271457,256,256,10,0.595,2.738,success
2347,000000271471,256,256,11,0.599,2.529,success
2348,000000271728,256,256,13,0.835,6.336,success
2349,000000271997,256,256,6,0.783,6.457,success
2350,000000272049,256,256,3,0.601,3.604,success
2351,000000272136,256,256,16,0.645,3.011,success
2352,000000272148,256,256,1,1.167,4.793,success
2353,000000272212,256,256,1,0.714,3.975,success
2354,000000272364,256,256,14,0.649,3.017,success
2355,000000272416,256,256,5,0.686,3.137,success
2356,000000272566,256,256,14,0.946,3.706,success
2357,000000273132,256,256,10,0.846,3.458,success
2358,000000273198,256,256,8,0.580,3.269,success
2359,000000273232,256,256,8,0.601,3.143,success
2360,000000273420,256,256,7,0.589,2.887,success
2361,000000273493,256,256,3,0.921,3.181,success
2362,000000273551,256,256,10,1.054,3.829,success
2363,000000273617,256,256,2,0.749,5.059,success
2364,000000273642,256,256,7,0.938,3.537,success
2365,000000273711,256,256,12,0.690,2.892,success
2366,000000273712,256,256,4,0.762,3.210,success
2367,000000273715,256,256,7,1.244,4.431,success
2368,000000273760,256,256,18,1.030,6.031,success
2369,000000274066,256,256,7,0.927,4.268,success
2370,000000274219,256,256,9,0.594,3.699,success
2371,000000274272,256,256,13,0.669,3.048,success
2372,000000274411,256,256,2,0.539,2.569,success
2373,000000274460,256,256,13,0.713,4.259,success
2374,000000274687,256,256,2,0.567,3.000,success
2375,000000274708,256,256,3,0.863,3.804,success
2376,000000275058,256,256,20,0.660,3.110,success
2377,000000275198,256,256,12,0.648,2.390,success
2378,000000275392,256,256,3,0.684,3.098,success
2379,000000275727,256,256,11,0.696,3.908,success
2380,000000275749,256,256,9,0.595,2.905,success
2381,000000275791,256,256,15,0.856,3.180,success
2382,000000276018,256,256,21,1.077,5.248,success
2383,000000276024,256,256,12,0.636,2.931,success
2384,000000276055,256,256,8,0.599,2.936,success
2385,000000276284,256,256,3,0.666,4.229,success
2386,000000276285,256,256,19,0.738,3.394,success
2387,000000276434,256,256,5,0.644,3.772,success
2388,000000276707,256,256,19,0.640,3.065,success
2389,000000276720,256,256,8,0.734,3.401,success
2390,000000276804,256,256,3,2.039,4.436,success
2391,000000276921,256,256,6,0.744,2.887,success
2392,000000277005,256,256,17,0.564,3.016,success
2393,000000277020,256,256,10,0.682,4.767,success
2394,000000277051,256,256,10,2.704,5.890,success
2395,000000277197,256,256,9,0.685,3.584,success
2396,000000277584,256,256,5,0.774,3.391,success
2397,000000277689,256,256,3,1.795,5.172,success
2398,000000278006,256,256,6,0.644,3.311,success
2399,000000278353,256,256,18,1.120,4.155,success
2400,000000278463,256,256,9,0.585,3.341,success
2401,000000278705,256,256,8,0.599,3.247,success
2402,000000278749,256,256,15,2.014,5.583,success
2403,000000278848,256,256,13,0.820,3.298,success
2404,000000278973,256,256,5,0.628,3.499,success
2405,000000279145,256,256,31,0.899,3.470,success
2406,000000279278,256,256,13,1.119,6.613,success
2407,000000279541,256,256,18,0.634,3.180,success
2408,000000279714,256,256,5,0.739,3.584,success
2409,000000279730,256,256,13,1.266,3.753,success
2410,000000279769,256,256,1,1.060,5.038,success
2411,000000279774,256,256,8,0.695,3.396,success
2412,000000279887,256,256,22,1.030,3.759,success
2413,000000279927,256,256,23,0.635,3.651,success
2414,000000280325,256,256,16,0.655,4.438,success
2415,000000280710,256,256,15,1.099,4.216,success
2416,000000280779,256,256,13,1.026,4.221,success
2417,000000280891,256,256,7,0.777,3.958,success
2418,000000280918,256,256,18,2.252,5.808,success
2419,000000280930,256,256,10,0.750,4.201,success
2420,000000281032,256,256,9,0.697,3.530,success
2421,000000281179,256,256,16,0.681,2.667,success
2422,000000281409,256,256,14,0.636,4.228,success
2423,000000281414,256,256,15,0.696,4.575,success
2424,000000281447,256,256,4,0.809,3.658,success
2425,000000281687,256,256,9,0.895,4.316,success
2426,000000281693,256,256,3,0.894,3.707,success
2427,000000281754,256,256,12,0.844,3.511,success
2428,000000281759,256,256,15,0.733,4.092,success
2429,000000281929,256,256,10,0.651,3.931,success
2430,000000282037,256,256,8,0.874,7.256,success
2431,000000282046,256,256,3,0.659,3.780,success
2432,000000282296,256,256,3,0.665,2.094,success
2433,000000282298,256,256,22,0.944,3.404,success
2434,000000282912,256,256,13,0.601,2.658,success
2435,000000283037,256,256,15,0.563,2.844,success
2436,000000283038,256,256,13,0.964,3.603,success
2437,000000283070,256,256,6,0.572,2.518,success
2438,000000283113,256,256,11,0.720,3.154,success
2439,000000283268,256,256,4,0.536,2.680,success
2440,000000283318,256,256,21,0.780,3.323,success
2441,000000283412,256,256,10,0.568,2.862,success
2442,000000283520,256,256,8,0.687,3.736,success
2443,000000283717,256,256,12,0.616,2.921,success
2444,000000283785,256,256,25,0.580,2.683,success
2445,000000284106,256,256,7,0.595,2.664,success
2446,000000284279,256,256,8,0.641,2.230,success
2447,000000284282,256,256,8,0.592,3.064,success
2448,000000284296,256,256,3,0.645,5.972,success
2449,000000284445,256,256,8,0.668,3.146,success
2450,000000284623,256,256,9,0.595,3.071,success
2451,000000284698,256,256,7,0.664,4.301,success
2452,000000284725,256,256,5,0.598,3.128,success
2453,000000284743,256,256,5,0.667,4.202,success
2454,000000284762,256,256,4,0.660,3.593,success
2455,000000284764,256,256,2,0.592,3.988,success
2456,000000284991,256,256,6,0.873,3.726,success
2457,000000285047,256,256,10,0.837,3.456,success
2458,000000285349,256,256,24,0.622,2.771,success
2459,000000285788,256,256,8,0.699,2.866,success
2460,000000285894,256,256,8,0.585,3.131,success
2461,000000286182,256,256,15,0.587,2.961,success
2462,000000286422,256,256,4,1.135,3.968,success
2463,000000286458,256,256,18,0.577,3.251,success
2464,000000286503,256,256,8,0.665,3.019,success
2465,000000286507,256,256,8,0.606,2.969,success
2466,000000286523,256,256,7,0.806,3.700,success
2467,000000286553,256,256,3,1.428,3.937,success
2468,000000286660,256,256,9,0.602,3.446,success
2469,000000286708,256,256,7,0.639,3.392,success
2470,000000286849,256,256,11,0.776,5.456,success
2471,000000286907,256,256,9,0.665,3.100,success
2472,000000286908,256,256,1,0.726,3.565,success
2473,000000286994,256,256,18,0.626,3.395,success
2474,000000287291,256,256,11,0.554,3.021,success
2475,000000287347,256,256,10,0.587,2.823,success
2476,000000287527,256,256,2,0.692,2.976,success
2477,000000287545,256,256,10,0.578,2.707,success
2478,000000287649,256,256,11,0.571,2.671,success
2479,000000287667,256,256,3,0.586,2.285,success
2480,000000287714,256,256,13,0.624,3.150,success
2481,000000287874,256,256,4,1.015,4.154,success
2482,000000287959,256,256,7,0.744,3.542,success
2483,000000288042,256,256,8,0.717,2.836,success
2484,000000288062,256,256,9,0.648,2.529,success
2485,000000288391,256,256,6,0.760,3.659,success
2486,000000288430,256,256,3,0.629,3.586,success
2487,000000288584,256,256,18,0.603,2.390,success
2488,000000288685,256,256,32,0.691,3.273,success
2489,000000288762,256,256,14,0.713,5.282,success
2490,000000288862,256,256,11,0.609,2.759,success
2491,000000288882,256,256,17,0.628,3.154,success
2492,000000289059,256,256,13,0.632,3.036,success
2493,000000289222,256,256,14,0.645,2.811,success
2494,000000289229,256,256,1,0.919,4.072,success
2495,000000289343,256,256,14,0.637,5.406,success
2496,000000289393,256,256,11,0.748,3.438,success
2497,000000289415,256,256,10,0.578,2.625,success
2498,000000289417,256,256,4,0.572,3.252,success
2499,000000289516,256,256,9,0.788,3.498,success
2500,000000289586,256,256,12,0.756,3.580,success
2501,000000289594,256,256,13,0.604,3.318,success
2502,000000289659,256,256,18,0.965,3.662,success
2503,000000289702,256,256,9,0.764,3.832,success
2504,000000289741,256,256,13,0.674,3.176,success
2505,000000289938,256,256,14,0.710,3.245,success
2506,000000289960,256,256,5,0.658,3.788,success
2507,000000289992,256,256,2,1.067,3.326,success
2508,000000290081,256,256,7,0.587,3.520,success
2509,000000290163,256,256,6,0.788,3.378,success
2510,000000290179,256,256,11,1.079,3.982,success
2511,000000290248,256,256,19,1.026,3.544,success
2512,000000290293,256,256,15,1.096,3.928,success
2513,000000290592,256,256,7,1.011,3.575,success
2514,000000290619,256,256,4,0.730,3.132,success
2515,000000290768,256,256,7,0.699,5.861,success
2516,000000290771,256,256,32,0.761,3.321,success
2517,000000290833,256,256,15,0.595,2.922,success
2518,000000290843,256,256,2,0.705,3.405,success
2519,000000291490,256,256,11,0.570,2.824,success
2520,000000291551,256,256,15,0.718,2.775,success
2521,000000291619,256,256,5,0.625,2.458,success
2522,000000291634,256,256,29,0.863,3.249,success
2523,000000291664,256,256,4,0.604,3.579,success
2524,000000291791,256,256,13,0.587,5.136,success
2525,000000291861,256,256,10,0.639,2.945,success
2526,000000292005,256,256,5,0.628,2.939,success
2527,000000292024,256,256,14,0.677,4.295,success
2528,000000292060,256,256,3,0.554,3.426,success
2529,000000292082,256,256,2,0.607,3.372,success
2530,000000292155,256,256,5,0.597,3.045,success
2531,000000292225,256,256,12,0.589,3.051,success
2532,000000292236,256,256,14,0.556,2.519,success
2533,000000292330,256,256,6,0.607,2.567,success
2534,000000292415,256,256,3,0.644,3.322,success
2535,000000292446,256,256,11,0.569,2.654,success
2536,000000292456,256,256,7,0.721,3.235,success
2537,000000292488,256,256,1,0.555,1.986,success
2538,000000292908,256,256,4,0.595,3.120,success
2539,000000292997,256,256,10,0.736,5.513,success
2540,000000293044,256,256,12,0.657,3.001,success
2541,000000293071,256,256,14,0.620,3.044,success
2542,000000293200,256,256,19,0.590,4.124,success
2543,000000293245,256,256,18,0.631,3.251,success
2544,000000293300,256,256,9,0.656,2.955,success
2545,000000293324,256,256,3,0.633,4.755,success
2546,000000293390,256,256,12,0.633,2.995,success
2547,000000293474,256,256,6,0.593,3.223,success
2548,000000293625,256,256,3,0.615,2.952,success
2549,000000293794,256,256,7,0.593,2.959,success
2550,000000293804,256,256,6,0.699,3.098,success
2551,000000293858,256,256,7,0.668,3.004,success
2552,000000294162,256,256,1,0.628,2.522,success
2553,000000294163,256,256,8,0.585,2.648,success
2554,000000294350,256,256,12,0.802,3.280,success
2555,000000294695,256,256,12,0.620,2.687,success
2556,000000294783,256,256,10,0.538,2.757,success
2557,000000294831,256,256,9,0.779,3.160,success
2558,000000294855,256,256,11,0.545,2.652,success
2559,000000295138,256,256,12,0.681,3.174,success
2560,000000295231,256,256,14,0.591,2.791,success
2561,000000295316,256,256,1,0.615,3.663,success
2562,000000295420,256,256,1,0.676,3.241,success
2563,000000295478,256,256,8,0.633,3.045,success
2564,000000295713,256,256,26,0.657,4.382,success
2565,000000295797,256,256,6,0.697,2.992,success
2566,000000295809,256,256,7,0.561,2.946,success
2567,000000296222,256,256,6,0.623,3.317,success
2568,000000296224,256,256,11,0.594,2.571,success
2569,000000296231,256,256,12,0.716,3.398,success
2570,000000296284,256,256,6,0.726,4.512,success
2571,000000296317,256,256,5,0.643,2.899,success
2572,000000296634,256,256,9,0.671,3.172,success
2573,000000296649,256,256,13,0.606,2.985,success
2574,000000296657,256,256,20,0.824,3.478,success
2575,000000296969,256,256,6,0.745,3.885,success
2576,000000297022,256,256,16,0.572,3.194,success
2577,000000297084,256,256,12,0.647,3.652,success
2578,000000297085,256,256,7,0.756,3.123,success
2579,000000297147,256,256,13,0.593,3.319,success
2580,000000297343,256,256,5,0.587,3.667,success
2581,000000297353,256,256,6,0.684,3.185,success
2582,000000297396,256,256,28,0.968,3.200,success
2583,000000297427,256,256,10,0.749,3.568,success
2584,000000297562,256,256,24,0.643,3.490,success
2585,000000297578,256,256,14,0.717,3.148,success
2586,000000297595,256,256,6,0.708,3.616,success
2587,000000297681,256,256,9,0.730,3.039,success
2588,000000297698,256,256,6,0.606,3.265,success
2589,000000297830,256,256,15,0.606,3.035,success
2590,000000298251,256,256,2,0.653,3.774,success
2591,000000298396,256,256,8,0.715,3.468,success
2592,000000298697,256,256,6,0.687,4.594,success
2593,000000298738,256,256,17,0.878,9.302,success
2594,000000298904,256,256,12,0.884,3.779,success
2595,000000298994,256,256,17,0.723,3.520,success
2596,000000299355,256,256,2,0.946,3.599,success
2597,000000299553,256,256,1,0.598,2.812,success
2598,000000299609,256,256,1,0.600,3.097,success
2599,000000299720,256,256,17,0.665,3.201,success
2600,000000299887,256,256,11,0.703,2.608,success
2601,000000300039,256,256,12,0.886,3.393,success
2602,000000300155,256,256,20,0.610,2.831,success
2603,000000300233,256,256,9,0.670,2.917,success
2604,000000300276,256,256,20,0.692,3.448,success
2605,000000300341,256,256,14,0.783,5.749,success
2606,000000300659,256,256,1,0.654,3.935,success
2607,000000300842,256,256,8,0.615,3.285,success
2608,000000300913,256,256,5,0.847,2.849,success
2609,000000301061,256,256,13,0.614,3.033,success
2610,000000301135,256,256,31,0.657,2.955,success
2611,000000301376,256,256,11,0.568,2.578,success
2612,000000301421,256,256,14,0.730,3.335,success
2613,000000301563,256,256,1,0.683,3.688,success
2614,000000301718,256,256,5,0.648,3.217,success
2615,000000301867,256,256,22,0.633,3.225,success
2616,000000301981,256,256,5,0.654,3.281,success
2617,000000302030,256,256,8,0.643,3.341,success
2618,000000302107,256,256,4,0.625,3.794,success
2619,000000302165,256,256,15,0.664,4.725,success
2620,000000302452,256,256,9,0.732,3.983,success
2621,000000302536,256,256,6,0.597,2.452,success
2622,000000302760,256,256,6,1.113,3.836,success
2623,000000302882,256,256,5,0.853,3.379,success
2624,000000302990,256,256,13,0.850,3.664,success
2625,000000303305,256,256,12,0.860,3.559,success
2626,000000303499,256,256,8,0.769,3.256,success
2627,000000303566,256,256,12,0.694,2.732,success
2628,000000303653,256,256,8,0.662,2.653,success
2629,000000303713,256,256,15,0.607,2.937,success
2630,000000303818,256,256,16,0.681,3.261,success
2631,000000303863,256,256,5,0.602,3.030,success
2632,000000303893,256,256,13,0.693,3.142,success
2633,000000303908,256,256,23,0.769,3.292,success
2634,000000304180,256,256,7,0.667,3.447,success
2635,000000304291,256,256,2,0.610,3.920,success
2636,000000304365,256,256,11,0.784,3.437,success
2637,000000304396,256,256,2,0.671,4.055,success
2638,000000304404,256,256,14,0.599,3.368,success
2639,000000304545,256,256,7,0.623,2.743,success
2640,000000304560,256,256,1,0.615,3.489,success
2641,000000304812,256,256,3,0.631,2.744,success
2642,000000304817,256,256,4,0.664,2.718,success
2643,000000304984,256,256,2,0.643,3.125,success
2644,000000305309,256,256,25,0.586,2.752,success
2645,000000305317,256,256,1,0.654,3.685,success
2646,000000305343,256,256,16,0.638,2.614,success
2647,000000305609,256,256,5,0.597,3.245,success
2648,000000305695,256,256,31,0.631,2.870,success
2649,000000306136,256,256,11,0.695,2.529,success
2650,000000306139,256,256,11,0.838,3.279,success
2651,000000306437,256,256,4,0.849,6.171,success
2652,000000306582,256,256,20,0.610,3.084,success
2653,000000306700,256,256,15,0.784,3.345,success
2654,000000306733,256,256,3,0.660,3.747,success
2655,000000306893,256,256,13,0.812,3.640,success
2656,000000307074,256,256,12,0.621,3.136,success
2657,000000307145,256,256,8,0.740,2.602,success
2658,000000307172,256,256,23,0.724,3.419,success
2659,000000307598,256,256,4,0.665,3.359,success
2660,000000307658,256,256,16,0.581,2.459,success
2661,000000308165,256,256,5,0.681,3.751,success
2662,000000308193,256,256,7,0.776,6.650,success
2663,000000308328,256,256,11,0.668,3.449,success
2664,000000308391,256,256,6,0.935,3.404,success
2665,000000308394,256,256,8,0.675,2.325,success
2666,000000308430,256,256,24,0.644,3.322,success
2667,000000308466,256,256,3,0.692,3.546,success
2668,000000308476,256,256,15,0.654,3.418,success
2669,000000308531,256,256,11,0.681,3.392,success
2670,000000308545,256,256,17,0.630,3.464,success
2671,000000308587,256,256,13,0.669,2.986,success
2672,000000308631,256,256,15,0.679,3.482,success
2673,000000308753,256,256,15,0.702,6.657,success
2674,000000308793,256,256,10,0.753,3.825,success
2675,000000308799,256,256,11,0.642,2.967,success
2676,000000309173,256,256,10,0.657,2.491,success
2677,000000309391,256,256,14,0.604,2.925,success
2678,000000309452,256,256,29,0.583,2.694,success
2679,000000309467,256,256,8,0.572,2.511,success
2680,000000309484,256,256,12,0.731,2.532,success
2681,000000309495,256,256,1,0.631,2.687,success
2682,000000309655,256,256,9,0.582,2.726,success
2683,000000309678,256,256,6,0.595,2.538,success
2684,000000309938,256,256,11,0.565,2.988,success
2685,000000309964,256,256,12,0.665,2.817,success
2686,000000310072,256,256,15,0.588,2.621,success
2687,000000310200,256,256,10,0.636,3.520,success
2688,000000310622,256,256,17,0.621,3.156,success
2689,000000310862,256,256,4,0.603,2.668,success
2690,000000310980,256,256,4,0.603,2.839,success
2691,000000311002,256,256,12,0.596,3.055,success
2692,000000311081,256,256,5,0.674,3.501,success
2693,000000311180,256,256,8,0.627,6.838,success
2694,000000311190,256,256,8,0.632,3.020,success
2695,000000311295,256,256,6,0.560,3.509,success
2696,000000311303,256,256,12,0.596,2.954,success
2697,000000311392,256,256,17,0.614,2.696,success
2698,000000311394,256,256,7,0.645,2.841,success
2699,000000311518,256,256,11,0.640,3.270,success
2700,000000311789,256,256,5,0.724,2.833,success
2701,000000311883,256,256,2,0.634,3.331,success
2702,000000311909,256,256,14,0.633,2.931,success
2703,000000311928,256,256,9,0.601,3.713,success
2704,000000311950,256,256,8,0.599,3.067,success
2705,000000312192,256,256,9,0.585,2.663,success
2706,000000312213,256,256,7,0.606,2.801,success
2707,000000312237,256,256,3,0.579,2.734,success
2708,000000312263,256,256,4,0.877,3.048,success
2709,000000312278,256,256,19,0.570,2.564,success
2710,000000312340,256,256,6,0.649,2.276,success
2711,000000312406,256,256,10,0.639,2.939,success
2712,000000312421,256,256,6,0.642,3.521,success
2713,000000312489,256,256,7,0.599,2.977,success
2714,000000312549,256,256,3,0.622,2.578,success
2715,000000312552,256,256,0,0.634,2.633,success
2716,000000312586,256,256,3,0.592,3.071,success
2717,000000312720,256,256,3,0.718,3.395,success
2718,000000313034,256,256,6,0.643,2.895,success
2719,000000313130,256,256,16,0.618,3.734,success
2720,000000313182,256,256,15,0.596,2.848,success
2721,000000313454,256,256,2,0.669,3.152,success
2722,000000313562,256,256,16,0.621,2.901,success
2723,000000313588,256,256,18,0.604,3.096,success
2724,000000313783,256,256,20,0.610,3.152,success
2725,000000314034,256,256,17,0.815,3.260,success
2726,000000314177,256,256,3,0.612,2.585,success
2727,000000314182,256,256,6,0.586,3.203,success
2728,000000314251,256,256,19,0.679,3.098,success
2729,000000314264,256,256,7,0.764,3.221,success
2730,000000314294,256,256,15,0.570,2.296,success
2731,000000314541,256,256,9,0.583,3.019,success
2732,000000314709,256,256,11,0.639,5.232,success
2733,000000314914,256,256,25,0.673,3.180,success
2734,000000315001,256,256,3,0.636,3.336,success
2735,000000315187,256,256,15,0.615,3.054,success
2736,000000315219,256,256,8,0.626,2.425,success
2737,000000315257,256,256,10,0.613,2.648,success
2738,000000315450,256,256,9,1.051,4.720,success
2739,000000315492,256,256,8,0.610,3.074,success
2740,000000316015,256,256,7,0.611,2.902,success
2741,000000316054,256,256,3,0.557,4.178,success
2742,000000316404,256,256,9,0.728,2.894,success
2743,000000316666,256,256,8,0.593,2.823,success
2744,000000317024,256,256,24,0.627,3.255,success
2745,000000317433,256,256,9,0.859,4.780,success
2746,000000317999,256,256,2,0.679,3.772,success
2747,000000318080,256,256,8,0.659,2.698,success
2748,000000318114,256,256,8,0.555,2.758,success
2749,000000318138,256,256,5,0.629,2.856,success
2750,000000318238,256,256,9,0.652,2.800,success
2751,000000318455,256,256,7,0.614,2.538,success
2752,000000318908,256,256,8,0.652,2.629,success
2753,000000319100,256,256,13,0.713,3.362,success
2754,000000319184,256,256,26,0.606,3.088,success
2755,000000319369,256,256,17,0.882,3.682,success
2756,000000319534,256,256,9,0.577,3.234,success
2757,000000319607,256,256,8,0.627,3.291,success
2758,000000319617,256,256,2,0.700,3.525,success
2759,000000319696,256,256,11,0.727,2.261,success
2760,000000319721,256,256,16,0.611,3.209,success
2761,000000319935,256,256,11,0.702,5.374,success
2762,000000320232,256,256,16,0.635,3.259,success
2763,000000320425,256,256,15,0.651,3.103,success
2764,000000320490,256,256,8,0.633,4.325,success
2765,000000320554,256,256,4,0.590,3.202,success
2766,000000320632,256,256,36,0.593,3.184,success
2767,000000320642,256,256,13,0.678,3.314,success
2768,000000320664,256,256,11,0.786,3.463,success
2769,000000320696,256,256,1,0.643,2.897,success
2770,000000320706,256,256,8,0.637,5.778,success
2771,000000320743,256,256,23,0.819,3.155,success
2772,000000321118,256,256,9,0.791,3.081,success
2773,000000321214,256,256,6,0.735,2.442,success
2774,000000321333,256,256,5,0.621,3.501,success
2775,000000321557,256,256,16,0.572,3.219,success
2776,000000321790,256,256,10,0.618,3.454,success
2777,000000321887,256,256,10,0.668,2.475,success
2778,000000322163,256,256,15,0.606,3.285,success
2779,000000322211,256,256,23,0.596,4.793,success
2780,000000322352,256,256,13,0.693,3.003,success
2781,000000322429,256,256,22,0.857,3.228,success
2782,000000322574,256,256,7,0.589,12.721,success
2783,000000322610,256,256,14,0.592,2.910,success
2784,000000322724,256,256,6,0.591,3.394,success
2785,000000322829,256,256,7,0.593,2.897,success
2786,000000322844,256,256,13,0.602,3.106,success
2787,000000322864,256,256,7,0.977,2.697,success
2788,000000322895,256,256,4,0.584,3.055,success
2789,000000322944,256,256,11,0.650,5.254,success
2790,000000322959,256,256,7,0.656,3.420,success
2791,000000322968,256,256,17,0.591,3.269,success
2792,000000323151,256,256,10,0.793,3.118,success
2793,000000323202,256,256,3,0.587,2.972,success
2794,000000323263,256,256,13,0.633,3.071,success
2795,000000323355,256,256,4,0.582,2.749,success
2796,000000323496,256,256,9,0.606,2.956,success
2797,000000323571,256,256,2,0.662,3.282,success
2798,000000323709,256,256,3,0.585,3.195,success
2799,000000323751,256,256,4,0.608,2.589,success
2800,000000323799,256,256,13,0.735,3.011,success
2801,000000323828,256,256,16,0.574,2.507,success
2802,000000323895,256,256,8,0.874,3.586,success
2803,000000324158,256,256,14,0.680,3.319,success
2804,000000324258,256,256,7,0.584,2.678,success
2805,000000324614,256,256,3,0.638,4.807,success
2806,000000324715,256,256,3,0.726,3.498,success
2807,000000324818,256,256,10,0.642,2.772,success
2808,000000324927,256,256,11,0.611,2.775,success
2809,000000325031,256,256,13,0.572,3.032,success
2810,000000325114,256,256,3,0.627,2.921,success
2811,000000325306,256,256,28,0.598,2.885,success
2812,000000325347,256,256,11,0.638,2.815,success
2813,000000325483,256,256,4,0.622,2.875,success
2814,000000325527,256,256,4,0.624,2.733,success
2815,000000325838,256,256,7,0.644,3.368,success
2816,000000325991,256,256,14,0.615,2.788,success
2817,000000326082,256,256,7,0.597,2.766,success
2818,000000326128,256,256,8,0.585,3.027,success
2819,000000326174,256,256,17,0.677,3.039,success
2820,000000326248,256,256,11,0.587,2.681,success
2821,000000326462,256,256,6,0.611,2.652,success
2822,000000326541,256,256,9,0.677,3.111,success
2823,000000326542,256,256,1,0.656,2.938,success
2824,000000326627,256,256,9,0.624,2.946,success
2825,000000326970,256,256,9,0.734,3.345,success
2826,000000327306,256,256,6,0.582,2.954,success
2827,000000327592,256,256,15,0.693,3.286,success
2828,000000327601,256,256,13,0.535,2.732,success
2829,000000327605,256,256,1,0.593,3.214,success
2830,000000327617,256,256,7,0.672,3.482,success
2831,000000327701,256,256,10,0.637,3.051,success
2832,000000327769,256,256,2,0.679,3.350,success
2833,000000327780,256,256,9,0.763,3.184,success
2834,000000327890,256,256,14,0.833,3.191,success
2835,000000328030,256,256,21,0.590,2.874,success
2836,000000328117,256,256,18,0.608,2.705,success
2837,000000328238,256,256,24,0.796,3.509,success
2838,000000328286,256,256,8,0.565,2.660,success
2839,000000328337,256,256,15,1.002,3.554,success
2840,000000328430,256,256,7,0.635,2.576,success
2841,000000328601,256,256,9,0.585,2.814,success
2842,000000328683,256,256,15,0.595,2.838,success
2843,000000328959,256,256,2,0.697,3.030,success
2844,000000329041,256,256,11,0.548,3.038,success
2845,000000329080,256,256,5,0.750,2.928,success
2846,000000329219,256,256,7,0.775,2.792,success
2847,000000329319,256,256,17,0.667,2.966,success
2848,000000329323,256,256,17,0.802,3.157,success
2849,000000329447,256,256,21,0.647,3.233,success
2850,000000329455,256,256,27,0.831,3.459,success
2851,000000329456,256,256,9,0.605,2.922,success
2852,000000329542,256,256,4,0.605,4.392,success
2853,000000329614,256,256,2,0.632,2.903,success
2854,000000329827,256,256,3,0.612,3.258,success
2855,000000330369,256,256,16,0.698,3.499,success
2856,000000330396,256,256,6,0.606,3.252,success
2857,000000330554,256,256,6,0.735,3.227,success
2858,000000330790,256,256,19,0.606,3.143,success
2859,000000330818,256,256,27,0.645,2.771,success
2860,000000331075,256,256,4,0.624,3.275,success
2861,000000331280,256,256,5,0.608,3.262,success
2862,000000331317,256,256,18,0.592,2.946,success
2863,000000331352,256,256,4,0.642,3.269,success
2864,000000331569,256,256,5,0.651,3.035,success
2865,000000331604,256,256,2,0.574,2.319,success
2866,000000331799,256,256,6,0.616,3.302,success
2867,000000331817,256,256,24,0.607,3.515,success
2868,000000332318,256,256,5,0.640,2.621,success
2869,000000332351,256,256,3,0.801,3.753,success
2870,000000332455,256,256,6,0.579,3.264,success
2871,000000332570,256,256,4,0.695,3.467,success
2872,000000332845,256,256,2,0.608,3.546,success
2873,000000332901,256,256,9,0.569,2.692,success
2874,000000333069,256,256,6,0.637,2.609,success
2875,000000333237,256,256,5,0.878,4.119,success
2876,000000333402,256,256,18,0.958,3.938,success
2877,000000333697,256,256,5,0.635,3.101,success
2878,000000333745,256,256,5,0.745,3.369,success
2879,000000333772,256,256,10,1.082,4.995,success
2880,000000333956,256,256,1,1.558,4.675,success
2881,000000334006,256,256,17,0.631,4.238,success
2882,000000334309,256,256,11,0.648,3.631,success
2883,000000334371,256,256,34,0.709,3.225,success
2884,000000334399,256,256,11,0.613,3.126,success
2885,000000334417,256,256,7,0.755,3.441,success
2886,000000334483,256,256,10,0.757,3.376,success
2887,000000334521,256,256,8,0.815,4.185,success
2888,000000334530,256,256,3,0.980,3.561,success
2889,000000334555,256,256,12,0.596,2.803,success
2890,000000334719,256,256,7,0.934,3.487,success
2891,000000334767,256,256,7,0.592,2.621,success
2892,000000334977,256,256,12,0.581,3.010,success
2893,000000335081,256,256,17,0.671,2.900,success
2894,000000335177,256,256,8,0.606,3.069,success
2895,000000335328,256,256,5,0.643,3.602,success
2896,000000335427,256,256,4,0.583,3.134,success
2897,000000335450,256,256,13,0.580,3.120,success
2898,000000335529,256,256,8,0.613,3.376,success
2899,000000335658,256,256,11,0.605,2.853,success
2900,000000335800,256,256,14,0.670,2.175,success
2901,000000335954,256,256,21,0.568,3.002,success
2902,000000336053,256,256,20,0.599,2.942,success
2903,000000336209,256,256,13,0.571,2.820,success
2904,000000336232,256,256,13,0.596,2.844,success
2905,000000336265,256,256,6,0.649,3.108,success
2906,000000336309,256,256,1,0.586,3.097,success
2907,000000336356,256,256,8,0.642,3.336,success
2908,000000336587,256,256,14,0.594,2.821,success
2909,000000336628,256,256,19,0.595,2.796,success
2910,000000336658,256,256,8,0.607,2.478,success
2911,000000337055,256,256,10,0.672,2.864,success
2912,000000337498,256,256,18,0.579,2.808,success
2913,000000337987,256,256,13,0.604,2.723,success
2914,000000338191,256,256,23,0.640,3.572,success
2915,000000338219,256,256,6,0.614,2.687,success
2916,000000338304,256,256,14,0.589,2.321,success
2917,000000338325,256,256,2,0.641,3.442,success
2918,000000338428,256,256,17,0.627,2.605,success
2919,000000338532,256,256,14,0.700,2.935,success
2920,000000338560,256,256,4,0.865,3.585,success
2921,000000338624,256,256,8,0.742,3.414,success
2922,000000338625,256,256,9,0.579,2.976,success
2923,000000338718,256,256,9,0.587,2.898,success
2924,000000338901,256,256,14,0.604,3.082,success
2925,000000338905,256,256,13,0.575,3.214,success
2926,000000338986,256,256,12,0.580,2.254,success
2927,000000339442,256,256,2,0.610,3.290,success
2928,000000339823,256,256,7,0.608,4.554,success
2929,000000339870,256,256,4,0.628,5.634,success
2930,000000340015,256,256,30,1.465,4.327,success
2931,000000340175,256,256,13,0.729,3.060,success
2932,000000340272,256,256,16,0.727,3.301,success
2933,000000340451,256,256,6,1.025,4.119,success
2934,000000340697,256,256,35,0.608,3.789,success
2935,000000340894,256,256,12,0.690,6.481,success
2936,000000340930,256,256,14,0.705,3.525,success
2937,000000341058,256,256,10,0.621,2.946,success
2938,000000341094,256,256,16,0.890,3.799,success
2939,000000341196,256,256,5,0.700,3.696,success
2940,000000341469,256,256,4,0.665,4.043,success
2941,000000341681,256,256,10,1.623,3.806,success
2942,000000341719,256,256,7,0.730,3.674,success
2943,000000341828,256,256,5,0.610,3.454,success
2944,000000341921,256,256,13,0.805,3.147,success
2945,000000341973,256,256,7,0.759,3.306,success
2946,000000342006,256,256,4,0.687,3.391,success
2947,000000342128,256,256,15,0.693,3.285,success
2948,000000342186,256,256,7,1.495,6.773,success
2949,000000342295,256,256,6,0.577,3.303,success
2950,000000342367,256,256,14,0.584,2.911,success
2951,000000342397,256,256,4,0.621,3.316,success
2952,000000342971,256,256,8,0.814,4.371,success
2953,000000343076,256,256,12,0.720,2.925,success
2954,000000343149,256,256,8,0.633,3.281,success
2955,000000343218,256,256,6,0.586,2.931,success
2956,000000343315,256,256,4,0.634,2.989,success
2957,000000343453,256,256,3,0.584,3.398,success
2958,000000343466,256,256,8,0.577,2.577,success
2959,000000343496,256,256,17,0.831,2.766,success
2960,000000343524,256,256,9,0.624,2.744,success
2961,000000343561,256,256,43,0.606,3.120,success
2962,000000343706,256,256,12,0.615,3.012,success
2963,000000343803,256,256,12,0.543,2.657,success
2964,000000343934,256,256,16,0.609,3.080,success
2965,000000343937,256,256,1,0.684,4.880,success
2966,000000343976,256,256,7,0.572,2.794,success
2967,000000344029,256,256,11,0.632,2.723,success
2968,000000344059,256,256,1,0.616,2.764,success
2969,000000344100,256,256,2,0.578,2.546,success
2970,000000344268,256,256,11,0.596,3.022,success
2971,000000344611,256,256,5,0.663,2.732,success
2972,000000344614,256,256,12,0.783,3.045,success
2973,000000344621,256,256,16,0.597,2.416,success
2974,000000344795,256,256,11,0.579,2.346,success
2975,000000344816,256,256,9,0.663,3.902,success
2976,000000344888,256,256,20,0.582,3.222,success
2977,000000344909,256,256,8,0.611,3.202,success
2978,000000345027,256,256,2,0.776,4.113,success
2979,000000345252,256,256,7,0.571,3.009,success
2980,000000345261,256,256,1,0.680,3.317,success
2981,000000345356,256,256,10,0.628,3.492,success
2982,000000345361,256,256,12,0.679,3.265,success
2983,000000345385,256,256,16,0.769,3.403,success
2984,000000345397,256,256,12,0.698,2.897,success
2985,000000345466,256,256,9,0.641,3.271,success
2986,000000345469,256,256,33,0.658,3.252,success
2987,000000345941,256,256,16,0.632,5.142,success
2988,000000346232,256,256,11,0.613,3.317,success
2989,000000346638,256,256,1,0.737,2.783,success
2990,000000346703,256,256,14,0.574,2.630,success
2991,000000346707,256,256,2,0.618,2.688,success
2992,000000346905,256,256,15,0.879,3.177,success
2993,000000346968,256,256,4,0.602,2.715,success
2994,000000347163,256,256,16,0.579,2.979,success
2995,000000347174,256,256,1,0.555,3.088,success
2996,000000347254,256,256,14,0.694,5.084,success
2997,000000347265,256,256,3,0.610,3.005,success
2998,000000347335,256,256,15,0.627,2.935,success
2999,000000347370,256,256,8,0.571,2.772,success
3000,000000347456,256,256,13,0.735,3.080,success
3001,000000347544,256,256,10,0.602,3.070,success
3002,000000347664,256,256,15,0.745,5.471,success
3003,000000347693,256,256,5,1.090,2.964,success
3004,000000347930,256,256,5,0.592,2.546,success
3005,000000348012,256,256,6,0.729,3.681,success
3006,000000348045,256,256,1,1.010,4.143,success
3007,000000348216,256,256,4,0.819,3.370,success
3008,000000348243,256,256,15,0.628,3.386,success
3009,000000348481,256,256,6,1.085,4.263,success
3010,000000348488,256,256,1,0.974,3.532,success
3011,000000348708,256,256,1,0.616,3.750,success
3012,000000348881,256,256,5,0.573,3.129,success
3013,000000349152,256,256,3,0.662,3.390,success
3014,000000349184,256,256,15,0.616,2.607,success
3015,000000349302,256,256,12,0.589,3.154,success
3016,000000349480,256,256,21,0.581,3.300,success
3017,000000349594,256,256,7,0.637,3.069,success
3018,000000349678,256,256,9,0.829,3.497,success
3019,000000349837,256,256,5,0.595,3.084,success
3020,000000349860,256,256,1,0.784,3.555,success
3021,000000350002,256,256,5,0.660,3.572,success
3022,000000350003,256,256,9,0.617,2.988,success
3023,000000350019,256,256,9,0.766,2.686,success
3024,000000350023,256,256,1,0.919,3.805,success
3025,000000350054,256,256,8,0.627,4.579,success
3026,000000350122,256,256,18,0.685,2.846,success
3027,000000350148,256,256,14,0.596,3.243,success
3028,000000350388,256,256,2,0.622,4.193,success
3029,000000350405,256,256,1,0.686,3.698,success
3030,000000350488,256,256,14,0.572,2.747,success
3031,000000350607,256,256,9,0.786,3.619,success
3032,000000350679,256,256,9,0.861,3.289,success
3033,000000350833,256,256,5,0.693,3.300,success
3034,000000351096,256,256,14,0.705,3.732,success
3035,000000351331,256,256,23,0.597,2.997,success
3036,000000351362,256,256,3,0.613,3.417,success
3037,000000351530,256,256,14,0.621,2.923,success
3038,000000351559,256,256,24,0.630,2.783,success
3039,000000351589,256,256,8,0.581,2.379,success
3040,000000351609,256,256,7,0.765,3.250,success
3041,000000351810,256,256,10,0.664,2.582,success
3042,000000351823,256,256,19,0.628,3.189,success
3043,000000352491,256,256,7,0.626,2.745,success
3044,000000352582,256,256,24,0.779,2.812,success
3045,000000352584,256,256,4,0.733,3.162,success
3046,000000352618,256,256,2,0.584,2.869,success
3047,000000352684,256,256,10,0.787,2.742,success
3048,000000352760,256,256,1,0.565,3.015,success
3049,000000352900,256,256,13,0.711,3.408,success
3050,000000353027,256,256,3,0.588,3.472,success
3051,000000353051,256,256,15,0.613,2.833,success
3052,000000353096,256,256,2,0.819,3.492,success
3053,000000353180,256,256,7,0.673,3.711,success
3054,000000353518,256,256,4,0.621,4.354,success
3055,000000353970,256,256,11,0.779,2.986,success
3056,000000354072,256,256,3,0.625,5.361,success
3057,000000354307,256,256,5,0.966,3.315,success
3058,000000354547,256,256,4,0.596,2.649,success
3059,000000354753,256,256,3,0.614,3.205,success
3060,000000354829,256,256,4,0.742,3.427,success
3061,000000355169,256,256,24,0.820,2.806,success
3062,000000355240,256,256,8,0.655,3.379,success
3063,000000355257,256,256,8,0.584,2.745,success
3064,000000355325,256,256,10,0.645,3.291,success
3065,000000355610,256,256,5,0.734,4.618,success
3066,000000355677,256,256,7,0.694,3.144,success
3067,000000355817,256,256,7,0.705,3.208,success
3068,000000355905,256,256,3,0.655,2.663,success
3069,000000356094,256,256,10,0.640,3.077,success
3070,000000356125,256,256,18,0.583,2.782,success
3071,000000356169,256,256,3,0.566,2.963,success
3072,000000356248,256,256,11,0.642,2.408,success
3073,000000356261,256,256,10,0.627,2.953,success
3074,000000356347,256,256,8,0.593,2.750,success
3075,000000356387,256,256,7,0.646,2.721,success
3076,000000356424,256,256,14,0.657,3.317,success
3077,000000356427,256,256,10,0.606,3.245,success
3078,000000356428,256,256,18,0.659,2.770,success
3079,000000356432,256,256,6,0.592,3.291,success
3080,000000356498,256,256,13,0.632,3.097,success
3081,000000356505,256,256,5,0.782,3.501,success
3082,000000356531,256,256,8,0.687,3.345,success
3083,000000356612,256,256,15,0.580,3.091,success
3084,000000356968,256,256,19,0.830,3.310,success
3085,000000357060,256,256,1,0.672,2.911,success
3086,000000357081,256,256,12,0.859,3.001,success
3087,000000357238,256,256,2,0.585,3.475,success
3088,000000357430,256,256,22,0.634,3.073,success
3089,000000357459,256,256,4,0.835,3.128,success
3090,000000357501,256,256,39,0.612,2.786,success
3091,000000357567,256,256,12,0.617,3.324,success
3092,000000357737,256,256,26,0.621,3.431,success
3093,000000357742,256,256,10,0.610,3.411,success
3094,000000357748,256,256,10,0.621,3.315,success
3095,000000357816,256,256,16,0.622,4.381,success
3096,000000357888,256,256,5,0.548,3.315,success
3097,000000357903,256,256,7,0.627,3.034,success
3098,000000357941,256,256,4,0.589,2.840,success
3099,000000357978,256,256,9,0.600,3.098,success
3100,000000358195,256,256,3,0.637,3.039,success
3101,000000358427,256,256,2,0.771,4.119,success
3102,000000358525,256,256,4,0.969,4.003,success
3103,000000358923,256,256,13,0.629,3.076,success
3104,000000359135,256,256,7,1.035,6.333,success
3105,000000359219,256,256,8,0.868,3.662,success
3106,000000359540,256,256,9,0.712,3.432,success
3107,000000359677,256,256,1,0.631,3.444,success
3108,000000359781,256,256,4,0.617,2.697,success
3109,000000359833,256,256,4,0.844,3.536,success
3110,000000359855,256,256,16,1.499,4.373,success
3111,000000359937,256,256,5,0.874,3.704,success
3112,000000360097,256,256,5,0.670,3.846,success
3113,000000360137,256,256,2,0.700,3.169,success
3114,000000360325,256,256,6,0.630,4.332,success
3115,000000360393,256,256,28,0.663,3.679,success
3116,000000360564,256,256,8,0.778,3.035,success
3117,000000360661,256,256,16,0.931,3.573,success
3118,000000360943,256,256,2,0.753,3.722,success
3119,000000360951,256,256,6,0.986,3.498,success
3120,000000360960,256,256,7,0.899,3.703,success
3121,000000361103,256,256,9,0.796,4.157,success
3122,000000361142,256,256,5,1.119,3.850,success
3123,000000361147,256,256,14,0.636,3.182,success
3124,000000361180,256,256,12,1.346,8.336,success
3125,000000361238,256,256,12,0.914,3.834,success
3126,000000361268,256,256,6,0.692,4.938,success
3127,000000361506,256,256,4,0.646,2.853,success
3128,000000361551,256,256,12,0.919,4.110,success
3129,000000361571,256,256,10,0.602,3.681,success
3130,000000361586,256,256,19,0.641,2.799,success
3131,000000361621,256,256,13,0.765,3.642,success
3132,000000361730,256,256,7,0.569,2.840,success
3133,000000361919,256,256,6,0.871,3.733,success
3134,000000362434,256,256,5,0.729,3.470,success
3135,000000362520,256,256,30,0.942,4.963,success
3136,000000362682,256,256,14,0.674,3.656,success
3137,000000362716,256,256,15,0.637,3.265,success
3138,000000363072,256,256,9,0.676,2.723,success
3139,000000363188,256,256,14,0.932,3.956,success
3140,000000363207,256,256,13,0.671,4.686,success
3141,000000363461,256,256,11,0.784,3.530,success
3142,000000363666,256,256,9,0.650,3.322,success
3143,000000363784,256,256,5,0.631,2.889,success
3144,000000363840,256,256,5,0.657,3.560,success
3145,000000363875,256,256,14,0.635,3.468,success
3146,000000364102,256,256,5,0.637,3.165,success
3147,000000364126,256,256,7,0.766,4.693,success
3148,000000364166,256,256,10,0.728,5.777,success
3149,000000364297,256,256,11,0.647,3.419,success
3150,000000364322,256,256,6,0.613,3.090,success
3151,000000364557,256,256,13,0.680,3.468,success
3152,000000364587,256,256,11,0.719,2.928,success
3153,000000364636,256,256,17,0.610,3.422,success
3154,000000364884,256,256,7,0.627,3.279,success
3155,000000365095,256,256,5,0.745,2.595,success
3156,000000365098,256,256,1,0.756,3.082,success
3157,000000365207,256,256,6,0.679,4.930,success
3158,000000365208,256,256,2,0.709,3.995,success
3159,000000365385,256,256,1,1.556,7.430,success
3160,000000365387,256,256,2,0.787,3.400,success
3161,000000365521,256,256,9,0.686,3.250,success
3162,000000365642,256,256,0,0.642,2.722,success
3163,000000365655,256,256,3,0.678,3.528,success
3164,000000365745,256,256,8,0.641,5.521,success
3165,000000365766,256,256,2,0.605,3.214,success
3166,000000365886,256,256,6,0.950,5.988,success
3167,000000366141,256,256,8,0.592,3.324,success
3168,000000366178,256,256,6,0.841,3.500,success
3169,000000366199,256,256,1,0.790,3.346,success
3170,000000366225,256,256,10,0.609,2.947,success
3171,000000366611,256,256,5,0.625,3.118,success
3172,000000366711,256,256,21,0.612,3.104,success
3173,000000366884,256,256,6,0.836,3.681,success
3174,000000367082,256,256,4,0.602,2.937,success
3175,000000367095,256,256,16,1.058,3.251,success
3176,000000367195,256,256,12,0.671,3.279,success
3177,000000367228,256,256,7,0.647,3.301,success
3178,000000367386,256,256,11,0.573,3.375,success
3179,000000367569,256,256,6,0.673,3.084,success
3180,000000367680,256,256,7,0.824,3.655,success
3181,000000367818,256,256,8,0.683,6.190,success
3182,000000368038,256,256,15,0.597,3.273,success
3183,000000368212,256,256,7,0.786,3.039,success
3184,000000368294,256,256,6,0.602,2.885,success
3185,000000368335,256,256,15,0.608,2.994,success
3186,000000368456,256,256,8,0.605,3.320,success
3187,000000368684,256,256,9,0.644,2.977,success
3188,000000368752,256,256,11,0.604,3.243,success
3189,000000368900,256,256,4,0.620,2.849,success
3190,000000368940,256,256,2,0.590,2.829,success
3191,000000368961,256,256,18,0.648,4.156,success
3192,000000368982,256,256,23,0.668,2.718,success
3193,000000369037,256,256,5,0.613,2.484,success
3194,000000369081,256,256,1,0.578,2.872,success
3195,000000369310,256,256,14,0.759,3.174,success
3196,000000369323,256,256,11,0.570,2.708,success
3197,000000369370,256,256,12,0.659,2.600,success
3198,000000369442,256,256,11,0.667,3.164,success
3199,000000369503,256,256,4,0.634,3.103,success
3200,000000369541,256,256,6,0.680,2.853,success
3201,000000369675,256,256,10,0.628,3.238,success
3202,000000369751,256,256,15,0.534,2.566,success
3203,000000369757,256,256,12,0.581,2.799,success
3204,000000369771,256,256,10,0.571,3.389,success
3205,000000369812,256,256,14,0.702,3.370,success
3206,000000370042,256,256,19,0.587,2.974,success
3207,000000370208,256,256,11,0.620,2.729,success
3208,000000370270,256,256,16,0.570,3.035,success
3209,000000370375,256,256,11,0.629,5.954,success
3210,000000370478,256,256,5,0.640,3.092,success
3211,000000370486,256,256,23,0.607,3.039,success
3212,000000370677,256,256,16,0.647,4.478,success
3213,000000370711,256,256,17,0.771,2.879,success
3214,000000370813,256,256,4,0.579,3.186,success
3215,000000370818,256,256,6,0.626,4.159,success
3216,000000370900,256,256,4,0.750,3.543,success
3217,000000370999,256,256,4,0.577,3.166,success
3218,000000371042,256,256,9,0.572,2.842,success
3219,000000371472,256,256,14,0.815,2.954,success
3220,000000371529,256,256,11,0.714,3.207,success
3221,000000371552,256,256,15,0.604,2.930,success
3222,000000371677,256,256,7,0.596,2.655,success
3223,000000371699,256,256,11,0.663,2.922,success
3224,000000371749,256,256,5,0.877,2.904,success
3225,000000372203,256,256,14,0.597,2.798,success
3226,000000372260,256,256,5,0.674,3.379,success
3227,000000372307,256,256,6,0.617,2.940,success
3228,000000372317,256,256,14,0.623,2.874,success
3229,000000372349,256,256,10,0.665,3.527,success
3230,000000372466,256,256,7,0.579,2.536,success
3231,000000372577,256,256,9,0.877,2.480,success
3232,000000372718,256,256,1,0.572,3.553,success
3233,000000372819,256,256,18,0.564,3.196,success
3234,000000373315,256,256,9,0.603,2.628,success
3235,000000373353,256,256,12,0.799,3.324,success
3236,000000373382,256,256,6,0.752,3.251,success
3237,000000373705,256,256,4,0.669,3.013,success
3238,000000374052,256,256,19,0.599,3.137,success
3239,000000374083,256,256,15,0.599,3.043,success
3240,000000374369,256,256,1,0.842,3.685,success
3241,000000374545,256,256,5,0.598,2.999,success
3242,000000374551,256,256,14,0.610,2.951,success
3243,000000374727,256,256,31,0.582,2.813,success
3244,000000374982,256,256,9,0.640,3.164,success
3245,000000375015,256,256,5,0.907,4.029,success
3246,000000375078,256,256,1,0.901,3.798,success
3247,000000375278,256,256,10,0.815,3.358,success
3248,000000375430,256,256,2,0.649,3.525,success
3249,000000375469,256,256,8,0.686,3.779,success
3250,000000375493,256,256,6,0.585,2.722,success
3251,000000375763,256,256,7,0.780,3.304,success
3252,000000376093,256,256,14,0.688,4.917,success
3253,000000376112,256,256,11,0.598,3.165,success
3254,000000376206,256,256,4,0.582,3.115,success
3255,000000376264,256,256,14,0.630,4.926,success
3256,000000376278,256,256,16,0.628,3.484,success
3257,000000376284,256,256,14,0.559,2.990,success
3258,000000376307,256,256,31,0.686,4.097,success
3259,000000376310,256,256,10,0.825,2.885,success
3260,000000376322,256,256,18,0.593,2.963,success
3261,000000376365,256,256,4,0.585,2.950,success
3262,000000376442,256,256,4,0.675,3.367,success
3263,000000376478,256,256,8,0.770,3.384,success
3264,000000376625,256,256,10,0.589,2.732,success
3265,000000376856,256,256,14,0.788,2.717,success
3266,000000376900,256,256,9,0.617,3.193,success
3267,000000377000,256,256,8,0.599,4.715,success
3268,000000377113,256,256,19,0.618,3.120,success
3269,000000377239,256,256,7,0.715,3.169,success
3270,000000377368,256,256,10,0.616,2.889,success
3271,000000377393,256,256,8,0.807,3.515,success
3272,000000377486,256,256,12,0.988,3.525,success
3273,000000377497,256,256,11,0.660,3.705,success
3274,000000377575,256,256,29,0.604,3.065,success
3275,000000377588,256,256,5,0.577,2.983,success
3276,000000377635,256,256,6,0.851,3.590,success
3277,000000377670,256,256,22,0.900,3.250,success
3278,000000377723,256,256,22,0.588,3.312,success
3279,000000377814,256,256,3,0.879,3.377,success
3280,000000377882,256,256,9,0.609,2.960,success
3281,000000377946,256,256,17,0.610,2.580,success
3282,000000378099,256,256,6,0.823,3.175,success
3283,000000378116,256,256,1,0.597,3.353,success
3284,000000378139,256,256,22,1.049,4.075,success
3285,000000378244,256,256,16,0.606,3.298,success
3286,000000378284,256,256,18,0.604,3.148,success
3287,000000378453,256,256,14,0.710,3.416,success
3288,000000378454,256,256,6,0.636,2.868,success
3289,000000378515,256,256,37,0.607,3.026,success
3290,000000378605,256,256,4,0.762,3.661,success
3291,000000378673,256,256,5,0.613,3.176,success
3292,000000378873,256,256,13,0.626,3.101,success
3293,000000379332,256,256,18,0.599,3.268,success
3294,000000379441,256,256,9,0.929,3.243,success
3295,000000379453,256,256,3,0.598,2.483,success
3296,000000379476,256,256,6,0.628,2.691,success
3297,000000379533,256,256,16,1.029,3.511,success
3298,000000379800,256,256,19,0.745,3.346,success
3299,000000379842,256,256,5,0.670,2.437,success
3300,000000380203,256,256,6,0.609,2.862,success
3301,000000380706,256,256,16,0.597,2.607,success
3302,000000380711,256,256,3,0.590,3.197,success
3303,000000380913,256,256,13,1.063,5.879,success
3304,000000381360,256,256,11,1.112,3.774,success
3305,000000381587,256,256,11,0.785,3.275,success
3306,000000381639,256,256,9,0.626,3.491,success
3307,000000381971,256,256,13,0.899,4.401,success
3308,000000382009,256,256,12,0.884,4.006,success
3309,000000382030,256,256,11,0.606,3.147,success
3310,000000382088,256,256,18,0.822,3.278,success
3311,000000382111,256,256,26,0.701,2.641,success
3312,000000382122,256,256,14,0.801,3.297,success
3313,000000382125,256,256,16,0.608,2.570,success
3314,000000382696,256,256,7,0.864,3.261,success
3315,000000382734,256,256,4,0.615,3.244,success
3316,000000382743,256,256,3,0.638,3.767,success
3317,000000383289,256,256,12,0.603,2.754,success
3318,000000383337,256,256,4,1.051,3.570,success
3319,000000383339,256,256,1,0.791,4.174,success
3320,000000383384,256,256,11,0.740,3.318,success
3321,000000383386,256,256,11,0.666,2.666,success
3322,000000383443,256,256,3,0.588,3.422,success
3323,000000383606,256,256,5,0.674,3.038,success
3324,000000383621,256,256,2,0.652,3.679,success
3325,000000383676,256,256,25,0.692,3.192,success
3326,000000383838,256,256,2,0.883,3.200,success
3327,000000383842,256,256,13,0.939,6.193,success
3328,000000383921,256,256,11,0.965,3.375,success
3329,000000384136,256,256,12,0.683,4.196,success
3330,000000384350,256,256,4,0.596,3.204,success
3331,000000384468,256,256,15,1.079,5.669,success
3332,000000384513,256,256,8,0.780,3.372,success
3333,000000384527,256,256,10,0.868,3.469,success
3334,000000384616,256,256,8,0.623,2.903,success
3335,000000384651,256,256,3,0.968,3.471,success
3336,000000384661,256,256,21,0.665,3.217,success
3337,000000384666,256,256,1,0.730,4.178,success
3338,000000384670,256,256,6,0.657,3.675,success
3339,000000384808,256,256,5,0.585,3.205,success
3340,000000384850,256,256,4,0.862,3.184,success
3341,000000384949,256,256,7,0.645,3.767,success
3342,000000385029,256,256,9,1.004,3.609,success
3343,000000385190,256,256,25,1.043,3.875,success
3344,000000385205,256,256,15,0.987,2.949,success
3345,000000385719,256,256,23,1.033,6.833,success
3346,000000385997,256,256,4,0.995,3.647,success
3347,000000386134,256,256,6,1.070,3.355,success
3348,000000386210,256,256,3,1.011,3.550,success
3349,000000386277,256,256,2,0.845,3.488,success
3350,000000386352,256,256,12,0.836,3.595,success
3351,000000386457,256,256,11,1.022,3.477,success
3352,000000386879,256,256,9,0.765,3.021,success
3353,000000386912,256,256,13,0.581,2.783,success
3354,000000387098,256,256,9,0.721,2.890,success
3355,000000387148,256,256,4,0.590,2.621,success
3356,000000387383,256,256,4,1.001,3.883,success
3357,000000387387,256,256,5,0.768,3.559,success
3358,000000387916,256,256,12,0.672,3.166,success
3359,000000388056,256,256,15,0.720,3.399,success
3360,000000388215,256,256,11,0.831,3.374,success
3361,000000388258,256,256,7,1.034,3.955,success
3362,000000388846,256,256,7,0.593,3.243,success
3363,000000388903,256,256,20,1.619,5.255,success
3364,000000388927,256,256,3,1.021,3.956,success
3365,000000389109,256,256,5,1.459,4.564,success
3366,000000389197,256,256,14,0.830,3.981,success
3367,000000389315,256,256,12,0.627,2.778,success
3368,000000389316,256,256,14,0.767,3.641,success
3369,000000389381,256,256,14,0.581,4.694,success
3370,000000389451,256,256,2,1.654,4.831,success
3371,000000389532,256,256,2,0.613,3.446,success
3372,000000389566,256,256,14,0.708,5.616,success
3373,000000389684,256,256,14,0.882,3.724,success
3374,000000389804,256,256,8,0.673,2.767,success
3375,000000389812,256,256,17,0.607,3.013,success
3376,000000389933,256,256,0,0.910,3.037,success
3377,000000390246,256,256,9,0.788,4.182,success
3378,000000390301,256,256,17,0.760,3.545,success
3379,000000390555,256,256,26,0.883,3.627,success
3380,000000390826,256,256,8,0.685,2.866,success
3381,000000390902,256,256,10,0.874,3.049,success
3382,000000391140,256,256,12,0.601,2.796,success
3383,000000391144,256,256,12,0.752,3.427,success
3384,000000391290,256,256,20,0.745,2.563,success
3385,000000391375,256,256,3,0.623,2.418,success
3386,000000391648,256,256,8,0.944,3.170,success
3387,000000391722,256,256,18,0.837,3.236,success
3388,000000392228,256,256,3,0.581,3.674,success
3389,000000392481,256,256,1,0.623,3.819,success
3390,000000392722,256,256,9,0.684,3.095,success
3391,000000392818,256,256,13,0.624,2.939,success
3392,000000392933,256,256,0,1.002,6.318,success
3393,000000393014,256,256,9,0.722,3.156,success
3394,000000393056,256,256,5,0.638,5.479,success
3395,000000393093,256,256,6,0.752,3.780,success
3396,000000393115,256,256,9,0.650,3.393,success
3397,000000393226,256,256,15,0.662,3.510,success
3398,000000393282,256,256,6,1.918,4.827,success
3399,000000393469,256,256,8,0.698,3.805,success
3400,000000393569,256,256,15,0.597,2.941,success
3401,000000393838,256,256,5,0.752,3.566,success
3402,000000394199,256,256,10,1.544,4.299,success
3403,000000394206,256,256,18,0.734,3.309,success
3404,000000394275,256,256,12,0.778,3.578,success
3405,000000394328,256,256,6,0.608,2.838,success
3406,000000394510,256,256,4,0.690,3.039,success
3407,000000394559,256,256,8,0.865,3.240,success
3408,000000394611,256,256,2,0.804,3.694,success
3409,000000394677,256,256,4,0.732,3.459,success
3410,000000394940,256,256,8,0.603,3.291,success
3411,000000395180,256,256,12,0.729,5.712,success
3412,000000395343,256,256,10,0.620,3.373,success
3413,000000395388,256,256,17,0.594,2.863,success
3414,000000395575,256,256,2,1.055,3.389,success
3415,000000395633,256,256,3,0.929,3.136,success
3416,000000395701,256,256,21,0.641,3.296,success
3417,000000395801,256,256,2,1.294,10.911,success
3418,000000395903,256,256,6,0.946,3.862,success
3419,000000396200,256,256,12,1.021,4.978,success
3420,000000396205,256,256,1,0.707,3.369,success
3421,000000396274,256,256,12,0.629,3.052,success
3422,000000396338,256,256,24,1.098,3.457,success
3423,000000396518,256,256,2,0.910,2.790,success
3424,000000396526,256,256,9,0.676,3.353,success
3425,000000396568,256,256,13,1.248,4.969,success
3426,000000396580,256,256,13,1.504,6.528,success
3427,000000396729,256,256,2,1.327,6.262,success
3428,000000396863,256,256,12,1.208,5.707,success
3429,000000396903,256,256,14,2.061,8.091,success
3430,000000397133,256,256,17,2.113,6.657,success
3431,000000397279,256,256,6,1.543,4.938,success
3432,000000397303,256,256,12,1.227,5.358,success
3433,000000397327,256,256,1,0.610,4.231,success
3434,000000397351,256,256,11,1.004,4.322,success
3435,000000397354,256,256,9,0.990,4.187,success
3436,000000397639,256,256,1,0.952,3.953,success
3437,000000397681,256,256,21,1.047,4.956,success
3438,000000398028,256,256,12,0.935,4.021,success
3439,000000398203,256,256,28,0.825,3.860,success
3440,000000398237,256,256,5,0.817,6.726,success
3441,000000398377,256,256,7,0.703,3.828,success
3442,000000398438,256,256,13,0.618,3.966,success
3443,000000398652,256,256,46,0.705,3.607,success
3444,000000398742,256,256,15,0.719,3.445,success
3445,000000398810,256,256,5,0.625,3.836,success
3446,000000398905,256,256,6,0.719,3.233,success
3447,000000399205,256,256,21,0.806,3.362,success
3448,000000399296,256,256,12,0.780,3.944,success
3449,000000399462,256,256,15,0.669,5.318,success
3450,000000399560,256,256,10,0.696,3.280,success
3451,000000399655,256,256,7,0.755,2.778,success
3452,000000399764,256,256,12,0.652,3.169,success
3453,000000400044,256,256,1,1.074,3.814,success
3454,000000400082,256,256,10,0.913,3.584,success
3455,000000400161,256,256,10,0.565,2.660,success
3456,000000400367,256,256,7,0.668,3.283,success
3457,000000400573,256,256,12,0.718,3.757,success
3458,000000400794,256,256,2,0.936,5.117,success
3459,000000400803,256,256,9,0.669,2.985,success
3460,000000400815,256,256,13,0.803,5.543,success
3461,000000400922,256,256,3,1.006,3.760,success
3462,000000401244,256,256,10,0.977,3.129,success
3463,000000401250,256,256,2,0.872,3.159,success
3464,000000401446,256,256,18,0.757,5.486,success
3465,000000401862,256,256,16,0.805,2.949,success
3466,000000401991,256,256,6,0.596,3.251,success
3467,000000402096,256,256,6,1.160,4.382,success
3468,000000402118,256,256,9,0.805,3.012,success
3469,000000402334,256,256,8,0.615,2.718,success
3470,000000402346,256,256,10,0.842,2.657,success
3471,000000402433,256,256,7,0.756,3.343,success
3472,000000402473,256,256,6,0.622,3.212,success
3473,000000402519,256,256,20,0.933,3.459,success
3474,000000402615,256,256,5,0.825,3.175,success
3475,000000402720,256,256,15,0.849,4.002,success
3476,000000402765,256,256,1,0.965,3.926,success
3477,000000402774,256,256,2,0.564,2.676,success
3478,000000402783,256,256,4,0.635,3.127,success
3479,000000402992,256,256,16,0.563,3.070,success
3480,000000403122,256,256,5,0.759,3.447,success
3481,000000403353,256,256,5,1.039,3.663,success
3482,000000403385,256,256,1,1.018,3.963,success
3483,000000403565,256,256,5,0.876,3.291,success
3484,000000403584,256,256,14,1.026,3.479,success
3485,000000403817,256,256,2,0.589,2.974,success
3486,000000404128,256,256,6,0.731,3.718,success
3487,000000404191,256,256,5,0.651,5.939,success
3488,000000404249,256,256,13,0.598,3.338,success
3489,000000404479,256,256,2,0.568,4.233,success
3490,000000404484,256,256,9,0.587,3.234,success
3491,000000404534,256,256,7,0.594,2.901,success
3492,000000404568,256,256,1,0.718,3.614,success
3493,000000404601,256,256,9,0.620,3.374,success
3494,000000404678,256,256,21,0.566,2.340,success
3495,000000404805,256,256,8,0.606,2.996,success
3496,000000404839,256,256,15,0.796,3.106,success
3497,000000404922,256,256,9,1.005,3.171,success
3498,000000404923,256,256,4,0.584,3.071,success
3499,000000405195,256,256,8,0.893,3.367,success
3500,000000405205,256,256,13,0.840,3.232,success
3501,000000405249,256,256,12,0.612,2.993,success
3502,000000405279,256,256,2,0.849,3.176,success
3503,000000405306,256,256,9,0.635,3.241,success
3504,000000405432,256,256,4,0.935,3.611,success
3505,000000405691,256,256,11,0.737,3.342,success
3506,000000405970,256,256,10,0.841,3.174,success
3507,000000405972,256,256,19,0.797,3.528,success
3508,000000406129,256,256,4,0.740,3.068,success
3509,000000406417,256,256,4,0.611,3.869,success
3510,000000406570,256,256,10,0.977,4.273,success
3511,000000406611,256,256,14,0.728,3.469,success
3512,000000406997,256,256,11,0.750,3.460,success
3513,000000407002,256,256,11,0.957,5.570,success
3514,000000407083,256,256,11,1.017,3.585,success
3515,000000407298,256,256,7,0.605,3.154,success
3516,000000407403,256,256,4,1.017,3.497,success
3517,000000407518,256,256,13,0.779,3.154,success
3518,000000407524,256,256,18,0.681,3.260,success
3519,000000407574,256,256,18,0.578,3.071,success
3520,000000407614,256,256,11,0.657,5.265,success
3521,000000407646,256,256,17,0.970,3.812,success
3522,000000407650,256,256,6,0.670,5.030,success
3523,000000407825,256,256,8,0.739,3.549,success
3524,000000407868,256,256,11,0.615,2.998,success
3525,000000407943,256,256,5,0.629,3.184,success
3526,000000407960,256,256,8,0.545,2.572,success
3527,000000408112,256,256,3,0.776,3.408,success
3528,000000408120,256,256,3,0.711,3.750,success
3529,000000408696,256,256,6,1.175,3.809,success
3530,000000408774,256,256,1,1.225,4.454,success
3531,000000408830,256,256,15,0.633,3.215,success
3532,000000409198,256,256,4,0.586,3.271,success
3533,000000409211,256,256,16,0.597,2.708,success
3534,000000409268,256,256,10,0.971,3.294,success
3535,000000409358,256,256,3,0.593,2.692,success
3536,000000409424,256,256,13,0.594,2.512,success
3537,000000409475,256,256,3,0.963,4.126,success
3538,000000409542,256,256,15,0.561,3.053,success
3539,000000409630,256,256,4,0.596,3.235,success
3540,000000409867,256,256,3,0.983,3.277,success
3541,000000410221,256,256,8,0.808,3.319,success
3542,000000410428,256,256,4,0.912,3.395,success
3543,000000410456,256,256,18,0.596,3.494,success
3544,000000410487,256,256,9,0.746,3.354,success
3545,000000410496,256,256,13,0.705,2.479,success
3546,000000410510,256,256,6,0.665,2.891,success
3547,000000410612,256,256,9,0.584,3.091,success
3548,000000410650,256,256,20,0.599,2.971,success
3549,000000410712,256,256,21,0.666,3.155,success
3550,000000410735,256,256,21,0.921,3.818,success
3551,000000410878,256,256,8,0.624,2.945,success
3552,000000410880,256,256,6,0.597,3.144,success
3553,000000410934,256,256,23,0.627,3.247,success
3554,000000411530,256,256,13,0.647,3.748,success
3555,000000411665,256,256,3,0.674,3.333,success
3556,000000411754,256,256,9,0.634,3.437,success
3557,000000411774,256,256,4,0.689,2.416,success
3558,000000411817,256,256,19,0.819,3.453,success
3559,000000411938,256,256,26,0.595,3.366,success
3560,000000411953,256,256,8,0.716,2.889,success
3561,000000412240,256,256,6,0.585,3.044,success
3562,000000412286,256,256,6,0.607,2.851,success
3563,000000412362,256,256,14,0.925,3.747,success
3564,000000412531,256,256,11,0.869,3.088,success
3565,000000412887,256,256,11,1.070,3.903,success
3566,000000412894,256,256,29,0.616,3.002,success
3567,000000413247,256,256,9,0.566,3.273,success
3568,000000413395,256,256,8,0.792,3.237,success
3569,000000413404,256,256,12,1.049,3.566,success
3570,000000413552,256,256,5,1.036,3.356,success
3571,000000413689,256,256,9,1.041,4.948,success
3572,000000414034,256,256,13,0.727,4.293,success
3573,000000414133,256,256,13,0.756,